264, 0, 0, 0, 0, 0, 0, 0, 0, 200, 64, 
264, 0, 0, 0, 0, 0, 0, 0, 0, 200, 64, 
264, 0, 0, 0, 0, 0, 0, 0, 0, 200, 64, 
264, 0, 0, 0, 0, 0, 0, 0, 0, 200, 64, 
264, 0, 0, 0, 0, 0, 0, 0, 0, 200, 64, 
264, 0, 0, 0, 0, 0, 0, 0, 0, 200, 64, 
264, 0, 0, 0, 0, 0, 0, 0, 0, 200, 64, 
264, 0, 0, 0, 0, 0, 0, 0, 0, 200, 64, 
264, 8, 2211.46, 2088.9, 21, -17, 0, 0, 0, 200, 64, 
264, 9, 1121.17, 1751.28, 20, -20, 0, 0, 0, 200, 64, 
264, 10, 1243.13, 1825.85, -15, -11, 0, 0, 0, 200, 64, 
264, 11, 1454.44, 2074.97, 13, 13, 0, 0, 0, 200, 64, 
264, 12, 1607.92, 1994.97, 20, 13, 0, 0, 0, 200, 64, 
264, 13, 2189.29, 1553.09, -15, -16, 0, 0, 0, 200, 64, 
264, 14, 1494.32, 1964.89, 13, -21, 0, 0, 0, 200, 64, 
264, 15, 1631.96, 2124.18, -18, -16, 0, 0, 0, 200, 64, 
264, 16, 2036.46, 1969.97, 21, 16, 0, 0, 0, 200, 64, 
264, 17, 1506.04, 2219.46, 20, -14, 0, 0, 0, 200, 64, 
264, 18, 852.845, 1550.33, -19, -11, 0, 0, 0, 200, 64, 
264, 19, 1912.97, 2305.64, -14, 12, 0, 0, 0, 200, 64, 
264, 20, 1571.9, 1951.98, -15, 19, 0, 0, 0, 200, 64, 
264, 21, 2227, 2252.14, 12, 12, 0, 0, 0, 200, 64, 
264, 22, 1521.56, 1427.53, -14, -14, 0, 0, 0, 200, 64, 
264, 23, 1945.96, 2340.32, -17, 17, 0, 0, 0, 200, 64, 
264, 24, 1523.05, 2005.9, 14, -18, 0, 0, 0, 200, 64, 
264, 25, 1578.47, 1951.97, -18, 14, 0, 0, 0, 200, 64, 
264, 26, 1563.2, 2021.54, 14, -19, 0, 0, 0, 200, 64, 
264, 27, 908.362, 1274.86, -20, -12, 0, 0, 0, 200, 64, 
264, 28, 1514.58, 1889.98, -18, 19, 0, 0, 0, 200, 64, 
264, 29, 1756.06, 2060.79, -20, 12, 0, 0, 0, 200, 64, 
264, 30, 1005.88, 2350.11, 12, -11, 0, 0, 0, 200, 64, 
264, 31, 1630.74, 1866.28, 14, -18, 0, 0, 0, 200, 64, 
264, 32, 890.294, 1263.65, 21, -20, 0, 0, 0, 200, 64, 
264, 33, 1634.22, 2062.27, -18, -21, 0, 0, 0, 200, 64, 
264, 34, 1603.89, 1950.91, -20, -11, 0, 0, 0, 200, 64, 
264, 35, 836.782, 1466.98, -20, -18, 0, 0, 0, 200, 64, 
264, 36, 1648.45, 2260.06, -13, -12, 0, 0, 0, 200, 64, 
264, 37, 926.795, 1518.05, -14, 14, 0, 0, 0, 200, 64, 
264, 38, 1438.91, 1865.04, -14, 17, 0, 0, 0, 200, 64, 
264, 39, 846.786, 1445.04, -18, 11, 0, 0, 0, 200, 64, 
264, 40, 838.788, 1495.04, -17, 11, 0, 0, 0, 200, 64, 
264, 41, 2063.59, 1778.33, 14, -12, 0, 0, 0, 200, 64, 
264, 42, 1944.16, 2126.91, 18, -12, 0, 0, 0, 200, 64, 
264, 43, 1112.44, 1595.82, 20, -19, 0, 0, 0, 200, 64, 
264, 44, 1955.74, 2053.89, 21, -20, 0, 0, 0, 200, 64, 
264, 45, 922.559, 1874.79, 14, 11, 0, 0, 0, 200, 64, 
264, 46, 1110.43, 1435.61, 13, -12, 0, 0, 0, 200, 64, 
264, 47, 1124.7, 1473.08, -16, 20, 0, 0, 0, 200, 64, 
264, 48, 1142.82, 1564.65, -16, -20, 0, 0, 0, 200, 64, 
264, 49, 1584.9, 1717.97, -14, -15, 0, 0, 0, 200, 64, 
264, 50, 1419.95, 2236.31, -21, -16, 0, 0, 0, 200, 64, 
264, 51, 948.903, 2304.18, 20, 17, 0, 0, 0, 200, 64, 
264, 52, 1444.29, 2183.2, -16, -18, 0, 0, 0, 200, 64, 
264, 53, 1500.01, 2172.4, -16, -15, 0, 0, 0, 200, 64, 
264, 54, 1452.48, 1904.9, 11, -17, 0, 0, 0, 200, 64, 
264, 55, 1382.02, 2240.48, 21, 20, 0, 0, 0, 200, 64, 
264, 56, 1349.47, 2237.55, -17, 20, 0, 0, 0, 200, 64, 
264, 57, 2157.37, 2025.91, -16, -11, 0, 0, 0, 200, 64, 
264, 58, 1477.9, 1682.11, -14, 13, 0, 0, 0, 200, 64, 
264, 59, 1460.89, 2103.68, -20, -20, 0, 0, 0, 200, 64, 
264, 60, 1230.6, 1881.59, -12, -13, 0, 0, 0, 200, 64, 
264, 61, 2033.18, 1901.45, 16, 20, 0, 0, 0, 200, 64, 
264, 62, 1102.8, 1450.86, 11, 19, 0, 0, 0, 200, 64, 
264, 63, 1089.53, 2080.97, -20, 15, 0, 0, 0, 200, 64, 
264, 64, 1619.84, 1992.9, -17, -15, 0, 0, 0, 200, 64, 
264, 65, 1457.5, 1270.08, -11, 12, 0, 0, 0, 200, 64, 
264, 66, 1350.2, 2074.91, -20, -12, 0, 0, 0, 200, 64, 
264, 67, 1479.67, 1937.97, -18, 13, 0, 0, 0, 200, 64, 
264, 68, 1439.96, 1659.58, 12, -20, 0, 0, 0, 200, 64, 
264, 69, 1462.99, 2105.89, 19, -19, 0, 0, 0, 200, 64, 
264, 70, 1635.89, 1820.74, -20, -20, 0, 0, 0, 200, 64, 
264, 71, 854.759, 1394.04, -12, -12, 0, 0, 0, 200, 64, 
264, 72, 2063.05, 1966.97, 16, 16, 0, 0, 0, 200, 64, 
264, 73, 1972.55, 1372.4, 21, 21, 0, 0, 0, 200, 64, 
264, 74, 1266.24, 1889.98, 20, 20, 0, 0, 0, 200, 64, 
264, 75, 1948.6, 1350.43, -11, -11, 0, 0, 0, 200, 64, 
264, 76, 852.198, 1104.03, -21, -21, 0, 0, 0, 200, 64, 
264, 77, 2014.32, 1418.46, 16, 16, 0, 0, 0, 200, 64, 
264, 78, 1953.76, 1350.65, -15, -15, 0, 0, 0, 200, 64, 
264, 79, 1459.97, 1909.97, 14, 14, 0, 0, 0, 200, 64, 
264, 80, 1893, 1640.99, -16, -16, 0, 0, 0, 200, 64, 
264, 81, 1646.73, 2040.89, -20, -20, 0, 0, 0, 200, 64, 
264, 82, 1363.7, 1259.95, 17, 17, 0, 0, 0, 200, 64, 
264, 83, 1649.74, 2046.9, -15, -15, 0, 0, 0, 200, 64, 
264, 84, 1565.97, 1846.11, 15, 15, 0, 0, 0, 200, 64, 
264, 85, 1546.33, 1946.98, 18, 18, 0, 0, 0, 200, 64, 
264, 86, 1286.77, 1900.13, -12, -12, 0, 0, 0, 200, 64, 
264, 87, 1556.29, 1949.97, 15, 15, 0, 0, 0, 200, 64, 
264, 88, 1317.03, 2131.21, 12, 12, 0, 0, 0, 200, 64, 
264, 89, 1618.98, 1536.93, 17, 17, 0, 0, 0, 200, 64, 
264, 90, 1963.96, 2209.15, -15, -15, 0, 0, 0, 200, 64, 
264, 91, 1136.18, 2037.71, -17, -17, 0, 0, 0, 200, 64, 
264, 92, 876.962, 2201.51, -16, -16, 0, 0, 0, 200, 64, 
264, 93, 1723.97, 2057.91, -11, -11, 0, 0, 0, 200, 64, 
264, 94, 1537.97, 2410.11, -14, -14, 0, 0, 0, 200, 64, 
264, 95, 1596.97, 1464.4, 13, 13, 0, 0, 0, 200, 64, 
264, 96, 784.045, 2131.98, 19, 19, 0, 0, 0, 200, 64, 
264, 97, 1360.7, 1210.61, 21, 21, 0, 0, 0, 200, 64, 
264, 98, 1019.39, 1173.99, -11, -11, 0, 0, 0, 200, 64, 
264, 99, 1511.9, 1777.32, -16, -16, 0, 0, 0, 200, 64, 
264, 100, 751.786, 1274.91, -17, -17, 0, 0, 0, 200, 64, 
264, 101, 1436.96, 1717.1, 11, 11, 0, 0, 0, 200, 64, 
264, 102, 930.308, 1497.05, 17, 17, 0, 0, 0, 200, 64, 
264, 103, 777.411, 1301.08, -15, -15, 0, 0, 0, 200, 64, 
264, 104, 2067.98, 1971.9, -15, -15, 0, 0, 0, 200, 64, 
264, 105, 806.711, 1331.01, 14, 14, 0, 0, 0, 200, 64, 
264, 106, 1500.89, 1950.89, -21, -21, 0, 0, 0, 200, 64, 
264, 107, 2099.84, 2001.89, -19, -19, 0, 0, 0, 200, 64, 
264, 108, 1666.27, 1332.76, 16, 16, 0, 0, 0, 200, 64, 
264, 109, 2123.04, 2030.99, 21, 21, 0, 0, 0, 200, 64, 
264, 110, 824.428, 1346.76, 21, 21, 0, 0, 0, 200, 64, 
264, 111, 1543.96, 1993.96, 11, 11, 0, 0, 0, 200, 64, 
264, 112, 2021.98, 1977.23, 15, 15, 0, 0, 0, 200, 64, 
264, 113, 1581.99, 2227.21, 21, 21, 0, 0, 0, 200, 64, 
264, 114, 1542.91, 1992.91, -12, -12, 0, 0, 0, 200, 64, 
264, 115, 1449.91, 1899.91, -12, -12, 0, 0, 0, 200, 64, 
264, 116, 1404.91, 1854.91, -13, -13, 0, 0, 0, 200, 64, 
264, 117, 1023.49, 1669.28, -12, -12, 0, 0, 0, 200, 64, 
264, 118, 1526.44, 1482.18, 18, 18, 0, 0, 0, 200, 64, 
264, 119, 1625.5, 1581.34, 14, 14, 0, 0, 0, 200, 64, 
264, 120, 1596.93, 1552.87, 12, 12, 0, 0, 0, 200, 64, 
264, 121, 1840.27, 2023.97, 15, 15, 0, 0, 0, 200, 64, 
264, 122, 1331.23, 1286.84, -18, -18, 0, 0, 0, 200, 64, 
264, 123, 1683.26, 1066.6, 15, 15, 0, 0, 0, 200, 64, 
264, 124, 984.901, 2276.18, 18, 18, 0, 0, 0, 200, 64, 
264, 125, 1701.22, 1444.04, -19, -19, 0, 0, 0, 200, 64, 
264, 126, 780.903, 2072.18, 19, 19, 0, 0, 0, 200, 64, 
264, 127, 1023.49, 1191.83, 14, 14, 0, 0, 0, 200, 64, 
264, 128, 752.125, 1111.68, -13, -13, 0, 0, 0, 200, 64, 
264, 129, 1479.25, 1731.48, -13, -13, 0, 0, 0, 200, 64, 
264, 130, 941.828, 1301.75, -12, -12, 0, 0, 0, 200, 64, 
264, 131, 1113.41, 1965.63, -15, -15, 0, 0, 0, 200, 64, 
264, 132, 830.135, 1190.49, -17, -17, 0, 0, 0, 200, 64, 
264, 133, 799.951, 1754.61, 14, 14, 0, 0, 0, 200, 64, 
264, 134, 886.639, 1245.65, 17, 17, 0, 0, 0, 200, 64, 
264, 135, 1816.63, 1568.4, 18, 18, 0, 0, 0, 200, 64, 
264, 136, 1049.12, 2341.24, -16, -16, 0, 0, 0, 200, 64, 
264, 137, 2233.45, 2134.97, 12, 12, 0, 0, 0, 200, 64, 
264, 138, 979.469, 2271.25, 13, 13, 0, 0, 0, 200, 64, 
264, 139, 2134.22, 1319.81, 16, 16, 0, 0, 0, 200, 64, 
264, 140, 948.048, 2239.45, -20, -20, 0, 0, 0, 200, 64, 
264, 141, 1553.89, 2139.2, -20, -20, 0, 0, 0, 200, 64, 
264, 142, 1008.7, 2301.33, -12, -12, 0, 0, 0, 200, 64, 
264, 143, 925.089, 1189.48, 13, 13, 0, 0, 0, 200, 64, 
264, 144, 1836.55, 1390.92, -19, -19, 0, 0, 0, 200, 64, 
264, 145, 949.702, 1214.51, -14, -14, 0, 0, 0, 200, 64, 
264, 146, 924.977, 1190.28, -20, -20, 0, 0, 0, 200, 64, 
264, 147, 1477.97, 1564.39, 12, 12, 0, 0, 0, 200, 64, 
264, 148, 1110.59, 1374.33, 18, 18, 0, 0, 0, 200, 64, 
264, 149, 1360.88, 1810.88, -21, -21, 0, 0, 0, 200, 64, 
264, 150, 1879.03, 2146.85, 11, 11, 0, 0, 0, 200, 64, 
264, 151, 1826.08, 2124.72, 12, 12, 0, 0, 0, 200, 64, 
264, 152, 1447.98, 1897.98, 17, 17, 0, 0, 0, 200, 64, 
264, 153, 1517.9, 1967.9, -13, -13, 0, 0, 0, 200, 64, 
264, 154, 1638.35, 1440.98, 12, 12, 0, 0, 0, 200, 64, 
264, 155, 1630.91, 2400.56, -12, -12, 0, 0, 0, 200, 64, 
264, 156, 1422.89, 1872.89, -18, -18, 0, 0, 0, 200, 64, 
264, 157, 1779.98, 2125.19, 12, 12, 0, 0, 0, 200, 64, 
264, 158, 858.212, 2228.09, 14, 14, 0, 0, 0, 200, 64, 
264, 159, 1821.19, 2162.16, 13, 13, 0, 0, 0, 200, 64, 
264, 160, 1299.9, 1716.8, 12, 12, 0, 0, 0, 200, 64, 
264, 161, 1905.78, 2241.81, 18, 18, 0, 0, 0, 200, 64, 
264, 162, 1653.68, 2005.25, 19, 19, 0, 0, 0, 200, 64, 
264, 163, 2083.78, 2020.55, 12, 12, 0, 0, 0, 200, 64, 
264, 164, 1468.61, 1230.95, 15, 15, 0, 0, 0, 200, 64, 
264, 165, 1526.96, 1085.56, 11, 11, 0, 0, 0, 200, 64, 
264, 166, 1610.97, 1171.76, 12, 12, 0, 0, 0, 200, 64, 
264, 167, 1514.89, 1964.89, -17, -17, 0, 0, 0, 200, 64, 
264, 168, 1457.97, 1021.32, 15, 15, 0, 0, 0, 200, 64, 
264, 169, 1671.99, 1228.96, 20, 20, 0, 0, 0, 200, 64, 
264, 170, 1927.99, 1883.24, 17, 17, 0, 0, 0, 200, 64, 
264, 171, 795.329, 2204.35, -19, -19, 0, 0, 0, 200, 64, 
264, 172, 1617.04, 1986.65, 15, 15, 0, 0, 0, 200, 64, 
264, 173, 2046.27, 1451.07, -21, -21, 0, 0, 0, 200, 64, 
264, 174, 1968.75, 1715.48, -11, -11, 0, 0, 0, 200, 64, 
264, 175, 2184.32, 1931.1, 16, 16, 0, 0, 0, 200, 64, 
264, 176, 2118.16, 1864.79, 11, 11, 0, 0, 0, 200, 64, 
264, 177, 2097.25, 1474.65, 11, 11, 0, 0, 0, 200, 64, 
264, 178, 1373.97, 2411.96, -17, -17, 0, 0, 0, 200, 64, 
264, 179, 1898.44, 1939.89, -17, -17, 0, 0, 0, 200, 64, 
264, 180, 1899.38, 1942.98, 16, 16, 0, 0, 0, 200, 64, 
264, 181, 1435.99, 2031.54, 19, 19, 0, 0, 0, 200, 64, 
264, 182, 1887.78, 1933.89, -19, -19, 0, 0, 0, 200, 64, 
264, 183, 1102.88, 2056.91, -12, -12, 0, 0, 0, 200, 64, 
264, 184, 1940.76, 1978.98, 16, 16, 0, 0, 0, 200, 64, 
264, 185, 1624.8, 2339.05, -16, -16, 0, 0, 0, 200, 64, 
264, 186, 2154.96, 2295.89, -17, -17, 0, 0, 0, 200, 64, 
264, 187, 896.28, 1161.73, 13, 13, 0, 0, 0, 200, 64, 
264, 188, 1560.91, 1141.55, 14, 14, 0, 0, 0, 200, 64, 
264, 189, 2184.86, 2139.89, -20, -20, 0, 0, 0, 200, 64, 
264, 190, 2129.36, 2086.89, -18, -18, 0, 0, 0, 200, 64, 
264, 191, 1300.3, 1744.53, -21, -21, 0, 0, 0, 200, 64, 
264, 192, 1594, 2060.89, -19, -19, 0, 0, 0, 200, 64, 
264, 193, 2097.46, 2046.9, -13, -13, 0, 0, 0, 200, 64, 
264, 194, 897.413, 1921.49, 14, 14, 0, 0, 0, 200, 64, 
264, 195, 842.086, 1866.64, 19, 19, 0, 0, 0, 200, 64, 
264, 196, 1898.96, 2397.22, -14, -14, 0, 0, 0, 200, 64, 
264, 197, 879.279, 1904.37, -11, -11, 0, 0, 0, 200, 64, 
264, 198, 895.589, 1381.24, 20, 20, 0, 0, 0, 200, 64, 
264, 199, 927.858, 1951.25, -11, -11, 0, 0, 0, 200, 64, 
264, 200, 714.523, 2089.03, -21, -21, 0, 0, 0, 200, 64, 
264, 201, 1349.05, 1054.77, 21, 21, 0, 0, 0, 200, 64, 
264, 202, 1201.49, 1381.97, -11, -11, 0, 0, 0, 200, 64, 
264, 203, 600, 750, 0, 0, 0, 0, 0, 200, 64, 
264, 204, 785.7, 750, 0, 0, 0, 0, 0, 200, 64, 
264, 205, 971.4, 750, 0, 0, 0, 0, 0, 200, 64, 
264, 206, 1157.1, 750, 0, 0, 0, 0, 0, 200, 64, 
264, 207, 1342.8, 750, 0, 0, 0, 0, 0, 200, 64, 
264, 208, 1528.5, 750, 0, 0, 0, 0, 0, 200, 64, 
264, 209, 1714.2, 750, 0, 0, 0, 0, 0, 200, 64, 
264, 210, 1899.9, 750, 0, 0, 0, 0, 0, 200, 64, 
264, 211, 600, 957.1, 0, 0, 0, 0, 0, 200, 64, 
264, 212, 785.7, 957.1, 0, 0, 0, 0, 0, 200, 64, 
264, 213, 971.4, 957.1, 0, 0, 0, 0, 0, 200, 64, 
264, 214, 1157.1, 957.1, 0, 0, 0, 0, 0, 200, 64, 
264, 215, 1342.8, 957.1, 0, 0, 0, 0, 0, 200, 64, 
264, 216, 1528.5, 957.1, 0, 0, 0, 0, 0, 200, 64, 
264, 217, 1714.2, 957.1, 0, 0, 0, 0, 0, 200, 64, 
264, 218, 1899.9, 957.1, 0, 0, 0, 0, 0, 200, 64, 
264, 219, 600, 1164.2, 0, 0, 0, 0, 0, 200, 64, 
264, 220, 785.7, 1164.2, 0, 0, 0, 0, 0, 200, 64, 
264, 221, 971.4, 1164.2, 0, 0, 0, 0, 0, 200, 64, 
264, 222, 1157.1, 1164.2, 0, 0, 0, 0, 0, 200, 64, 
264, 223, 1342.8, 1164.2, 0, 0, 0, 0, 0, 200, 64, 
264, 224, 1528.5, 1164.2, 0, 0, 0, 0, 0, 200, 64, 
264, 225, 1714.2, 1164.2, 0, 0, 0, 0, 0, 200, 64, 
264, 226, 1899.9, 1164.2, 0, 0, 0, 0, 0, 200, 64, 
264, 227, 600, 1371.3, 0, 0, 0, 0, 0, 200, 64, 
264, 228, 785.7, 1371.3, 0, 0, 0, 0, 0, 200, 64, 
264, 229, 971.4, 1371.3, 0, 0, 0, 0, 0, 200, 64, 
264, 230, 1157.1, 1371.3, 0, 0, 0, 0, 0, 200, 64, 
264, 231, 1342.8, 1371.3, 0, 0, 0, 0, 0, 200, 64, 
264, 232, 1528.5, 1371.3, 0, 0, 0, 0, 0, 200, 64, 
264, 233, 1714.2, 1371.3, 0, 0, 0, 0, 0, 200, 64, 
264, 234, 1899.9, 1371.3, 0, 0, 0, 0, 0, 200, 64, 
264, 235, 600, 1578.4, 0, 0, 0, 0, 0, 200, 64, 
264, 236, 785.7, 1578.4, 0, 0, 0, 0, 0, 200, 64, 
264, 237, 971.4, 1578.4, 0, 0, 0, 0, 0, 200, 64, 
264, 238, 1157.1, 1578.4, 0, 0, 0, 0, 0, 200, 64, 
264, 239, 1342.8, 1578.4, 0, 0, 0, 0, 0, 200, 64, 
264, 240, 1528.5, 1578.4, 0, 0, 0, 0, 0, 200, 64, 
264, 241, 1714.2, 1578.4, 0, 0, 0, 0, 0, 200, 64, 
264, 242, 1899.9, 1578.4, 0, 0, 0, 0, 0, 200, 64, 
264, 243, 600, 1785.5, 0, 0, 0, 0, 0, 200, 64, 
264, 244, 785.7, 1785.5, 0, 0, 0, 0, 0, 200, 64, 
264, 245, 971.4, 1785.5, 0, 0, 0, 0, 0, 200, 64, 
264, 246, 1157.1, 1785.5, 0, 0, 0, 0, 0, 200, 64, 
264, 247, 1342.8, 1785.5, 0, 0, 0, 0, 0, 200, 64, 
264, 248, 1528.5, 1785.5, 0, 0, 0, 0, 0, 200, 64, 
264, 249, 1714.2, 1785.5, 0, 0, 0, 0, 0, 200, 64, 
264, 250, 1899.9, 1785.5, 0, 0, 0, 0, 0, 200, 64, 
264, 251, 600, 1992.6, 0, 0, 0, 0, 0, 200, 64, 
264, 252, 785.7, 1992.6, 0, 0, 0, 0, 0, 200, 64, 
264, 253, 971.4, 1992.6, 0, 0, 0, 0, 0, 200, 64, 
264, 254, 1157.1, 1992.6, 0, 0, 0, 0, 0, 200, 64, 
264, 255, 1342.8, 1992.6, 0, 0, 0, 0, 0, 200, 64, 
264, 256, 1528.5, 1992.6, 0, 0, 0, 0, 0, 200, 64, 
264, 257, 1714.2, 1992.6, 0, 0, 0, 0, 0, 200, 64, 
264, 258, 1899.9, 1992.6, 0, 0, 0, 0, 0, 200, 64, 
264, 259, 600, 2199.7, 0, 0, 0, 0, 0, 200, 64, 
264, 260, 785.7, 2199.7, 0, 0, 0, 0, 0, 200, 64, 
264, 261, 971.4, 2199.7, 0, 0, 0, 0, 0, 200, 64, 
264, 262, 1157.1, 2199.7, 0, 0, 0, 0, 0, 200, 64, 
264, 263, 1342.8, 2199.7, 0, 0, 0, 0, 0, 200, 64, 
