sim_time_s,global_tp,global_tn,global_fp,global_fn,accuracy,fpr,mcc,f1_v1,f1_v2,f1_v3,pdr,avg_latency_ms,tm_rate_per_s,tm_delta_pct,broadcast_amplification_gamma,alert_depth_max,eps_topo,flowmod_excess_rate,avg_mitigation_latency_ms,cpu_pct,mem_mb
1.9981,0,0,0,0,0.0000,0.0000,0.0000,0.0000,0.0000,0.0000,0.0000,0.0000,0.0000,-100.0000,1.0000,0,0.0000,0.0000,0.0000,517.4968,141.3320
2.9981,0,0,0,0,0.0000,0.0000,0.0000,0.0000,0.0000,0.0000,0.0000,0.0000,110.0000,2100.0000,1.0000,0,0.0000,0.0000,0.0000,524.3356,141.5195
3.9981,0,0,0,0,0.0000,0.0000,0.0000,0.0000,0.0000,0.0000,0.0000,0.0000,310.0000,6100.0000,1.0000,0,0.0000,0.0000,0.0000,522.5008,141.5195
4.9981,0,0,0,0,0.0000,0.0000,0.0000,0.0000,0.0000,0.0000,0.0000,0.0000,400.0000,7900.0000,1.0000,0,0.0000,0.0000,0.0000,525.8019,141.5195
5.9981,0,0,0,0,0.0000,0.0000,0.0000,0.0000,0.0000,0.0000,0.0000,0.0000,400.0000,7900.0000,1.0000,0,0.0000,0.0000,0.0000,522.3338,141.5195
6.9981,0,0,0,0,0.0000,0.0000,0.0000,0.0000,0.0000,0.0000,0.0000,0.0000,400.0000,7900.0000,1.0000,0,0.0000,0.0000,0.0000,518.4279,141.5234
7.9981,0,0,0,0,0.0000,0.0000,0.0000,0.0000,0.0000,0.0000,0.0000,0.0000,400.0000,7900.0000,1.0000,0,0.0000,0.0000,0.0000,522.7505,141.5234
8.9981,0,0,0,0,0.0000,0.0000,0.0000,0.0000,0.0000,0.0000,0.0000,0.0000,400.0000,7900.0000,1.0000,0,0.0000,0.0000,0.0000,521.2223,141.5234
9.9981,0,0,0,0,0.0000,0.0000,0.0000,0.0000,0.0000,0.0000,0.0000,0.0000,400.0000,7900.0000,1.0000,0,0.0000,0.0000,0.0000,518.7996,141.5234
10.9981,0,0,0,0,0.0000,0.0000,0.0000,0.0000,0.0000,0.0000,0.0000,0.0000,400.0000,7900.0000,1.0000,0,0.0000,0.0000,0.0000,516.8175,141.5234
11.9981,0,0,0,0,0.0000,0.0000,0.0000,0.0000,0.0000,0.0000,0.0000,0.0000,400.0000,7900.0000,1.0000,0,0.0000,0.0000,0.0000,516.3326,141.5234
12.9981,0,0,0,0,0.0000,0.0000,0.0000,0.0000,0.0000,0.0000,0.0000,0.0000,400.0000,7900.0000,1.0000,0,0.0000,0.0000,0.0000,514.7683,141.5234
13.9981,0,0,0,0,0.0000,0.0000,0.0000,0.0000,0.0000,0.0000,0.0000,0.0000,400.0000,7900.0000,1.0000,0,0.0000,0.0000,0.0000,513.0704,141.5234
14.9981,0,0,0,0,0.0000,0.0000,0.0000,0.0000,0.0000,0.0000,0.0000,0.0000,400.0000,7900.0000,1.0000,0,0.0000,0.0000,0.0000,513.3324,141.5234
1.9981,0,0,0,0,0.0000,0.0000,0.0000,0.0000,0.0000,0.0000,0.0000,0.0000,0.0000,-100.0000,1.0000,0,0.0000,0.0000,0.0000,534.5131,141.2852
2.9981,0,0,0,0,0.0000,0.0000,0.0000,0.0000,0.0000,0.0000,0.0000,0.0000,110.0000,2100.0000,1.0000,0,0.0000,0.0000,0.0000,525.3362,141.4727
3.9981,0,0,0,0,0.0000,0.0000,0.0000,0.0000,0.0000,0.0000,0.0000,0.0000,310.0000,6100.0000,1.0000,0,0.0000,0.0000,0.0000,517.7485,141.4727
4.9981,0,0,0,0,0.0000,0.0000,0.0000,0.0000,0.0000,0.0000,0.0000,0.0000,510.0000,10100.0000,1.0000,0,0.0000,0.0000,0.0000,522.0004,141.4766
5.9981,0,0,0,0,0.0000,0.0000,0.0000,0.0000,0.0000,0.0000,0.0000,0.0000,710.0000,14100.0000,1.0000,0,0.0000,0.0000,0.0000,518.3325,141.4766
6.9981,0,0,0,0,0.0000,0.0000,0.0000,0.0000,0.0000,0.0000,0.0000,0.0000,800.0000,15900.0000,1.0000,0,0.0000,0.0000,0.0000,515.1413,141.4805
7.9981,0,0,0,0,0.0000,0.0000,0.0000,0.0000,0.0000,0.0000,0.0000,0.0000,800.0000,15900.0000,1.0000,0,0.0000,0.0000,0.0000,512.9981,141.4805
8.9981,0,0,0,0,0.0000,0.0000,0.0000,0.0000,0.0000,0.0000,0.0000,0.0000,800.0000,15900.0000,1.0000,0,0.0000,0.0000,0.0000,512.9983,141.4805
9.9981,0,0,0,0,0.0000,0.0000,0.0000,0.0000,0.0000,0.0000,0.0000,0.0000,800.0000,15900.0000,1.0000,0,0.0000,0.0000,0.0000,511.3982,141.4805
10.9981,0,0,0,0,0.0000,0.0000,0.0000,0.0000,0.0000,0.0000,0.0000,0.0000,800.0000,15900.0000,1.0000,0,0.0000,0.0000,0.0000,510.2709,141.4805
11.9981,0,0,0,0,0.0000,0.0000,0.0000,0.0000,0.0000,0.0000,0.0000,0.0000,800.0000,15900.0000,1.0000,0,0.0000,0.0000,0.0000,510.1650,141.4805
12.9981,0,0,0,0,0.0000,0.0000,0.0000,0.0000,0.0000,0.0000,0.0000,0.0000,800.0000,15900.0000,1.0000,0,0.0000,0.0000,0.0000,510.3831,141.4805
13.9981,0,0,0,0,0.0000,0.0000,0.0000,0.0000,0.0000,0.0000,0.0000,0.0000,800.0000,15900.0000,1.0000,0,0.0000,0.0000,0.0000,512.8560,141.4805
14.9981,0,0,0,0,0.0000,0.0000,0.0000,0.0000,0.0000,0.0000,0.0000,0.0000,800.0000,15900.0000,1.0000,0,0.0000,0.0000,0.0000,513.5991,141.4805
15.9981,0,0,0,0,0.0000,0.0000,0.0000,0.0000,0.0000,0.0000,0.0000,0.0000,800.0000,15900.0000,1.0000,0,0.0000,0.0000,0.0000,512.9991,141.4805
16.9981,0,0,0,0,0.0000,0.0000,0.0000,0.0000,0.0000,0.0000,0.0000,0.0000,800.0000,15900.0000,1.0000,0,0.0000,0.0000,0.0000,511.7049,141.4805
17.9981,0,0,0,0,0.0000,0.0000,0.0000,0.0000,0.0000,0.0000,0.0000,0.0000,800.0000,15900.0000,1.0000,0,0.0000,0.0000,0.0000,510.9434,141.4805
18.9981,0,0,0,0,0.0000,0.0000,0.0000,0.0000,0.0000,0.0000,0.0000,0.0000,800.0000,15900.0000,1.0000,0,0.0000,0.0000,0.0000,512.2097,141.4805
19.9981,0,0,0,0,0.0000,0.0000,0.0000,0.0000,0.0000,0.0000,0.0000,0.0000,800.0000,15900.0000,1.0000,0,0.0000,0.0000,0.0000,511.3991,141.4805
20.9981,0,0,0,0,0.0000,0.0000,0.0000,0.0000,0.0000,0.0000,0.0000,0.0000,800.0000,15900.0000,1.0000,0,0.0000,0.0000,0.0000,510.4752,141.4805
21.9981,0,0,0,0,0.0000,0.0000,0.0000,0.0000,0.0000,0.0000,0.0000,0.0000,800.0000,15900.0000,1.0000,0,0.0000,0.0000,0.0000,510.5900,141.4805
22.9981,0,0,0,0,0.0000,0.0000,0.0000,0.0000,0.0000,0.0000,0.0000,0.0000,800.0000,15900.0000,1.0000,0,0.0000,0.0000,0.0000,509.7817,141.4805
23.9981,0,0,0,0,0.0000,0.0000,0.0000,0.0000,0.0000,0.0000,0.0000,0.0000,800.0000,15900.0000,1.0000,0,0.0000,0.0000,0.0000,508.8740,141.4805
1.9981,0,0,0,0,0.0000,0.0000,0.0000,0.0000,0.0000,0.0000,0.0000,0.0000,0.0000,-100.0000,1.0000,0,0.0000,0.0000,0.0000,540.5189,141.2930
2.9981,0,0,0,0,0.0000,0.0000,0.0000,0.0000,0.0000,0.0000,0.0000,0.0000,110.0000,2100.0000,1.0000,0,0.0000,0.0000,0.0000,528.3381,141.4727
3.9981,0,0,0,0,0.0000,0.0000,0.0000,0.0000,0.0000,0.0000,0.0000,0.0000,310.0000,6100.0000,1.0000,0,0.0000,0.0000,0.0000,524.2516,141.4727
4.9981,0,0,0,0,0.0000,0.0000,0.0000,0.0000,0.0000,0.0000,0.0000,0.0000,510.0000,10100.0000,1.0000,0,0.0000,0.0000,0.0000,518.7992,141.4766
5.9981,0,0,0,0,0.0000,0.0000,0.0000,0.0000,0.0000,0.0000,0.0000,0.0000,710.0000,14100.0000,1.0000,0,0.0000,0.0000,0.0000,528.0023,141.4766
6.9981,0,0,0,0,0.0000,0.0000,0.0000,0.0000,0.0000,0.0000,0.0000,0.0000,910.0000,18100.0000,1.0000,0,0.0000,0.0000,0.0000,523.2864,141.4922
7.9981,0,0,0,0,0.0000,0.0000,0.0000,0.0000,0.0000,0.0000,0.0000,0.0000,1110.0000,22100.0000,1.0000,0,0.0000,0.0000,0.0000,520.1248,141.4922
8.9981,0,0,0,0,0.0000,0.0000,0.0000,0.0000,0.0000,0.0000,0.0000,0.0000,1200.0000,23900.0000,1.0000,0,0.0000,0.0000,0.0000,518.7773,141.4922
9.9981,0,0,0,0,0.0000,0.0000,0.0000,0.0000,0.0000,0.0000,0.0000,0.0000,1200.0000,23900.0000,1.0000,0,0.0000,0.0000,0.0000,516.8992,141.4922
10.9981,0,0,0,0,0.0000,0.0000,0.0000,0.0000,0.0000,0.0000,0.0000,0.0000,1200.0000,23900.0000,1.0000,0,0.0000,0.0000,0.0000,515.0899,141.4922
11.9981,0,0,0,0,0.0000,0.0000,0.0000,0.0000,0.0000,0.0000,0.0000,0.0000,1200.0000,23900.0000,1.0000,0,0.0000,0.0000,0.0000,514.4156,141.4922
12.9981,0,0,0,0,0.0000,0.0000,0.0000,0.0000,0.0000,0.0000,0.0000,0.0000,1200.0000,23900.0000,1.0000,0,0.0000,0.0000,0.0000,512.6142,141.4922
13.9981,0,0,0,0,0.0000,0.0000,0.0000,0.0000,0.0000,0.0000,0.0000,0.0000,1200.0000,23900.0000,1.0000,0,0.0000,0.0000,0.0000,511.7845,141.4922
14.9981,0,0,0,0,0.0000,0.0000,0.0000,0.0000,0.0000,0.0000,0.0000,0.0000,1200.0000,23900.0000,1.0000,0,0.0000,0.0000,0.0000,512.4656,141.4922
15.9981,0,0,0,0,0.0000,0.0000,0.0000,0.0000,0.0000,0.0000,0.0000,0.0000,1200.0000,23900.0000,1.0000,0,0.0000,0.0000,0.0000,511.8114,141.4922
16.9981,0,0,0,0,0.0000,0.0000,0.0000,0.0000,0.0000,0.0000,0.0000,0.0000,1200.0000,23900.0000,1.0000,0,0.0000,0.0000,0.0000,512.1167,141.4922
17.9981,0,0,0,0,0.0000,0.0000,0.0000,0.0000,0.0000,0.0000,0.0000,0.0000,1200.0000,23900.0000,1.0000,0,0.0000,0.0000,0.0000,510.7211,141.4922
18.9981,0,0,0,0,0.0000,0.0000,0.0000,0.0000,0.0000,0.0000,0.0000,0.0000,1200.0000,23900.0000,1.0000,0,0.0000,0.0000,0.0000,510.6832,141.4922
19.9981,0,0,0,0,0.0000,0.0000,0.0000,0.0000,0.0000,0.0000,0.0000,0.0000,1200.0000,23900.0000,1.0000,0,0.0000,0.0000,0.0000,512.7992,141.4922
20.9981,0,0,0,0,0.0000,0.0000,0.0000,0.0000,0.0000,0.0000,0.0000,0.0000,1200.0000,23900.0000,1.0000,0,0.0000,0.0000,0.0000,511.8087,141.4922
21.9981,0,0,0,0,0.0000,0.0000,0.0000,0.0000,0.0000,0.0000,0.0000,0.0000,1200.0000,23900.0000,1.0000,0,0.0000,0.0000,0.0000,511.2264,141.4922
22.9981,0,0,0,0,0.0000,0.0000,0.0000,0.0000,0.0000,0.0000,0.0000,0.0000,1200.0000,23900.0000,1.0000,0,0.0000,0.0000,0.0000,510.2600,141.4922
23.9981,0,0,0,0,0.0000,0.0000,0.0000,0.0000,0.0000,0.0000,0.0000,0.0000,1200.0000,23900.0000,1.0000,0,0.0000,0.0000,0.0000,509.4991,141.4922
24.9981,0,0,0,0,0.0000,0.0000,0.0000,0.0000,0.0000,0.0000,0.0000,0.0000,1200.0000,23900.0000,1.0000,0,0.0000,0.0000,0.0000,509.1591,141.4922
25.9981,0,0,0,0,0.0000,0.0000,0.0000,0.0000,0.0000,0.0000,0.0000,0.0000,1200.0000,23900.0000,1.0000,0,0.0000,0.0000,0.0000,508.6914,141.4922
26.9981,0,0,0,0,0.0000,0.0000,0.0000,0.0000,0.0000,0.0000,0.0000,0.0000,1200.0000,23900.0000,1.0000,0,0.0000,0.0000,0.0000,507.8139,141.4922
27.9981,0,0,0,0,0.0000,0.0000,0.0000,0.0000,0.0000,0.0000,0.0000,0.0000,1200.0000,23900.0000,1.0000,0,0.0000,0.0000,0.0000,508.6777,141.4922
28.9981,0,0,0,0,0.0000,0.0000,0.0000,0.0000,0.0000,0.0000,0.0000,0.0000,1200.0000,23900.0000,1.0000,0,0.0000,0.0000,0.0000,510.2752,141.4922
29.9981,0,0,0,0,0.0000,0.0000,0.0000,0.0000,0.0000,0.0000,0.0000,0.0000,1200.0000,23900.0000,1.0000,0,0.0000,0.0000,0.0000,509.6326,141.4922
30.9981,0,0,0,0,0.0000,0.0000,0.0000,0.0000,0.0000,0.0000,0.0000,0.0000,1200.0000,23900.0000,1.0000,0,0.0000,0.0000,0.0000,509.6445,141.4922
31.9981,0,0,0,0,0.0000,0.0000,0.0000,0.0000,0.0000,0.0000,0.0000,0.0000,1200.0000,23900.0000,1.0000,0,0.0000,0.0000,0.0000,509.4993,141.4922
1.9981,0,0,0,0,0.0000,0.0000,0.0000,0.0000,0.0000,0.0000,0.0000,0.0000,0.0000,-100.0000,1.0000,0,0.0000,0.0000,0.0000,514.9944,141.2344
2.9981,0,0,0,0,0.0000,0.0000,0.0000,0.0000,0.0000,0.0000,0.0000,0.0000,110.0000,2100.0000,1.0000,0,0.0000,0.0000,0.0000,507.3247,141.4102
3.9981,0,0,0,0,0.0000,0.0000,0.0000,0.0000,0.0000,0.0000,0.0000,0.0000,310.0000,6100.0000,1.0000,0,0.0000,0.0000,0.0000,506.7432,141.4102
4.9981,0,0,0,0,0.0000,0.0000,0.0000,0.0000,0.0000,0.0000,0.0000,0.0000,510.0000,10100.0000,1.0000,0,0.0000,0.0000,0.0000,512.7969,141.4258
5.9981,0,0,0,0,0.0000,0.0000,0.0000,0.0000,0.0000,0.0000,0.0000,0.0000,710.0000,14100.0000,1.0000,0,0.0000,0.0000,0.0000,509.8298,141.4258
6.9981,0,0,0,0,0.0000,0.0000,0.0000,0.0000,0.0000,0.0000,0.0000,0.0000,910.0000,18100.0000,1.0000,0,0.0000,0.0000,0.0000,510.9973,141.4258
7.9981,0,0,0,0,0.0000,0.0000,0.0000,0.0000,0.0000,0.0000,0.0000,0.0000,1110.0000,22100.0000,1.0000,0,0.0000,0.0000,0.0000,512.9981,141.4258
8.9981,0,0,0,0,0.0000,0.0000,0.0000,0.0000,0.0000,0.0000,0.0000,0.0000,1310.0000,26100.0000,1.0000,0,0.0000,0.0000,0.0000,510.9979,141.4258
9.9981,0,0,0,0,0.0000,0.0000,0.0000,0.0000,0.0000,0.0000,0.0000,0.0000,1510.0000,30100.0000,1.0000,0,0.0000,0.0000,0.0000,515.0989,141.4258
10.9981,0,0,0,0,0.0000,0.0000,0.0000,0.0000,0.0000,0.0000,0.0000,0.0000,1600.0000,31900.0000,1.0000,0,0.0000,0.0000,0.0000,515.4536,141.4258
11.9981,0,0,0,0,0.0000,0.0000,0.0000,0.0000,0.0000,0.0000,0.0000,0.0000,1600.0000,31900.0000,1.0000,0,0.0000,0.0000,0.0000,513.8322,141.4258
12.9981,0,0,0,0,0.0000,0.0000,0.0000,0.0000,0.0000,0.0000,0.0000,0.0000,1600.0000,31900.0000,1.0000,0,0.0000,0.0000,0.0000,511.8448,141.4258
13.9981,0,0,0,0,0.0000,0.0000,0.0000,0.0000,0.0000,0.0000,0.0000,0.0000,1600.0000,31900.0000,1.0000,0,0.0000,0.0000,0.0000,510.4986,141.4258
14.9981,0,0,0,0,0.0000,0.0000,0.0000,0.0000,0.0000,0.0000,0.0000,0.0000,1600.0000,31900.0000,1.0000,0,0.0000,0.0000,0.0000,509.7319,141.4258
15.9981,0,0,0,0,0.0000,0.0000,0.0000,0.0000,0.0000,0.0000,0.0000,0.0000,1600.0000,31900.0000,1.0000,0,0.0000,0.0000,0.0000,508.3110,141.4258
16.9981,0,0,0,0,0.0000,0.0000,0.0000,0.0000,0.0000,0.0000,0.0000,0.0000,1600.0000,31900.0000,1.0000,0,0.0000,0.0000,0.0000,507.2926,141.4258
17.9981,0,0,0,0,0.0000,0.0000,0.0000,0.0000,0.0000,0.0000,0.0000,0.0000,1600.0000,31900.0000,1.0000,0,0.0000,0.0000,0.0000,509.7766,141.4258
18.9981,0,0,0,0,0.0000,0.0000,0.0000,0.0000,0.0000,0.0000,0.0000,0.0000,1600.0000,31900.0000,1.0000,0,0.0000,0.0000,0.0000,509.4725,141.4258
19.9981,0,0,0,0,0.0000,0.0000,0.0000,0.0000,0.0000,0.0000,0.0000,0.0000,1600.0000,31900.0000,1.0000,0,0.0000,0.0000,0.0000,508.9489,141.4258
1.9981,0,0,0,0,0.0000,0.0000,0.0000,0.0000,0.0000,0.0000,0.0000,0.0000,0.0000,-100.0000,1.0000,0,0.0000,0.0000,0.0000,530.5093,141.2852
2.9981,0,0,0,0,0.0000,0.0000,0.0000,0.0000,0.0000,0.0000,0.0000,0.0000,110.0000,2100.0000,1.0000,0,0.0000,0.0000,0.0000,522.6678,141.4570
3.9981,0,0,0,0,0.0000,0.0000,0.0000,0.0000,0.0000,0.0000,0.0000,0.0000,330.0000,6500.0000,1.0000,0,0.0000,0.0000,0.0000,519.2492,141.4570
4.9981,0,0,0,0,0.0000,0.0000,0.0000,0.0000,0.0000,0.0000,0.0000,0.0000,420.0000,8300.0000,1.0000,0,0.0000,0.0000,0.0000,515.3979,141.4648
5.9981,0,0,0,0,0.0000,0.0000,0.0000,0.0000,0.0000,0.0000,0.0000,0.0000,420.0000,8300.0000,1.0000,0,0.0000,0.0000,0.0000,515.4983,141.4648
6.9981,0,0,0,0,0.0000,0.0000,0.0000,0.0000,0.0000,0.0000,0.0000,0.0000,420.0000,8300.0000,1.0000,0,0.0000,0.0000,0.0000,515.9987,141.4648
7.9981,0,0,0,0,0.0000,0.0000,0.0000,0.0000,0.0000,0.0000,0.0000,0.0000,420.0000,8300.0000,1.0000,0,0.0000,0.0000,0.0000,513.1231,141.4648
8.9981,0,0,0,0,0.0000,0.0000,0.0000,0.0000,0.0000,0.0000,0.0000,0.0000,420.0000,8300.0000,1.0000,0,0.0000,0.0000,0.0000,510.7756,141.4648
9.9981,0,0,0,0,0.0000,0.0000,0.0000,0.0000,0.0000,0.0000,0.0000,0.0000,420.0000,8300.0000,1.0000,0,0.0000,0.0000,0.0000,510.4980,141.4648
10.9981,0,0,0,0,0.0000,0.0000,0.0000,0.0000,0.0000,0.0000,0.0000,0.0000,420.0000,8300.0000,1.0000,0,0.0000,0.0000,0.0000,508.9979,141.4648
11.9981,0,0,0,0,0.0000,0.0000,0.0000,0.0000,0.0000,0.0000,0.0000,0.0000,420.0000,8300.0000,1.0000,0,0.0000,0.0000,0.0000,507.9146,141.4648
12.9981,0,0,0,0,0.0000,0.0000,0.0000,0.0000,0.0000,0.0000,0.0000,0.0000,420.0000,8300.0000,1.0000,0,0.0000,0.0000,0.0000,507.6904,141.4648
13.9981,0,0,0,0,0.0000,0.0000,0.0000,0.0000,0.0000,0.0000,0.0000,0.0000,420.0000,8300.0000,1.0000,0,0.0000,0.0000,0.0000,507.1410,141.4648
14.9981,0,0,0,0,0.0000,0.0000,0.0000,0.0000,0.0000,0.0000,0.0000,0.0000,420.0000,8300.0000,1.0000,0,0.0000,0.0000,0.0000,507.5983,141.4648
15.9981,0,0,0,0,0.0000,0.0000,0.0000,0.0000,0.0000,0.0000,0.0000,0.0000,420.0000,8300.0000,1.0000,0,0.0000,0.0000,0.0000,507.4359,141.4648
16.9981,0,0,0,0,0.0000,0.0000,0.0000,0.0000,0.0000,0.0000,0.0000,0.0000,420.0000,8300.0000,1.0000,0,0.0000,0.0000,0.0000,507.2338,141.4648
17.9981,0,0,0,0,0.0000,0.0000,0.0000,0.0000,0.0000,0.0000,0.0000,0.0000,420.0000,8300.0000,1.0000,0,0.0000,0.0000,0.0000,506.1651,141.4648
18.9981,0,0,0,0,0.0000,0.0000,0.0000,0.0000,0.0000,0.0000,0.0000,0.0000,420.0000,8300.0000,1.0000,0,0.0000,0.0000,0.0000,505.3669,141.4648
19.9981,0,0,0,0,0.0000,0.0000,0.0000,0.0000,0.0000,0.0000,0.0000,0.0000,420.0000,8300.0000,1.0000,0,0.0000,0.0000,0.0000,506.4986,141.4648
20.9981,0,0,0,0,0.0000,0.0000,0.0000,0.0000,0.0000,0.0000,0.0000,0.0000,420.0000,8300.0000,1.0000,0,0.0000,0.0000,0.0000,505.8558,141.4648
21.9981,0,0,0,0,0.0000,0.0000,0.0000,0.0000,0.0000,0.0000,0.0000,0.0000,420.0000,8300.0000,1.0000,0,0.0000,0.0000,0.0000,505.2714,141.4648
1.9981,0,0,0,0,0.0000,0.0000,0.0000,0.0000,0.0000,0.0000,0.0000,0.0000,0.0000,-100.0000,1.0000,0,0.0000,0.0000,0.0000,516.9963,141.3867
2.9981,0,0,0,0,0.0000,0.0000,0.0000,0.0000,0.0000,0.0000,0.0000,0.0000,110.0000,2100.0000,1.0000,0,0.0000,0.0000,0.0000,509.9931,141.5625
3.9981,0,0,0,0,0.0000,0.0000,0.0000,0.0000,0.0000,0.0000,0.0000,0.0000,330.0000,6500.0000,1.0000,0,0.0000,0.0000,0.0000,507.7437,141.5625
4.9981,0,0,0,0,0.0000,0.0000,0.0000,0.0000,0.0000,0.0000,0.0000,0.0000,530.0000,10500.0000,1.0000,0,0.0000,0.0000,0.0000,518.3991,141.5664
5.9981,0,0,0,0,0.0000,0.0000,0.0000,0.0000,0.0000,0.0000,0.0000,0.0000,730.0000,14500.0000,1.0000,0,0.0000,0.0000,0.0000,514.8314,141.5703
6.9981,0,0,0,0,0.0000,0.0000,0.0000,0.0000,0.0000,0.0000,0.0000,0.0000,820.0000,16300.0000,1.0000,0,0.0000,0.0000,0.0000,513.2836,141.5859
7.9981,0,0,0,0,0.0000,0.0000,0.0000,0.0000,0.0000,0.0000,0.0000,0.0000,820.0000,16300.0000,1.0000,0,0.0000,0.0000,0.0000,510.6225,141.5859
8.9981,0,0,0,0,0.0000,0.0000,0.0000,0.0000,0.0000,0.0000,0.0000,0.0000,820.0000,16300.0000,1.0000,0,0.0000,0.0000,0.0000,509.1086,141.5859
9.9981,0,0,0,0,0.0000,0.0000,0.0000,0.0000,0.0000,0.0000,0.0000,0.0000,820.0000,16300.0000,1.0000,0,0.0000,0.0000,0.0000,510.5980,141.5859
10.9981,0,0,0,0,0.0000,0.0000,0.0000,0.0000,0.0000,0.0000,0.0000,0.0000,820.0000,16300.0000,1.0000,0,0.0000,0.0000,0.0000,509.2707,141.5859
11.9981,0,0,0,0,0.0000,0.0000,0.0000,0.0000,0.0000,0.0000,0.0000,0.0000,820.0000,16300.0000,1.0000,0,0.0000,0.0000,0.0000,510.6650,141.5859
12.9981,0,0,0,0,0.0000,0.0000,0.0000,0.0000,0.0000,0.0000,0.0000,0.0000,820.0000,16300.0000,1.0000,0,0.0000,0.0000,0.0000,515.7685,141.5859
13.9981,0,0,0,0,0.0000,0.0000,0.0000,0.0000,0.0000,0.0000,0.0000,0.0000,820.0000,16300.0000,1.0000,0,0.0000,0.0000,0.0000,514.0705,141.5859
14.9981,0,0,0,0,0.0000,0.0000,0.0000,0.0000,0.0000,0.0000,0.0000,0.0000,820.0000,16300.0000,1.0000,0,0.0000,0.0000,0.0000,513.2657,141.5859
15.9981,0,0,0,0,0.0000,0.0000,0.0000,0.0000,0.0000,0.0000,0.0000,0.0000,820.0000,16300.0000,1.0000,0,0.0000,0.0000,0.0000,511.9364,141.5859
16.9981,0,0,0,0,0.0000,0.0000,0.0000,0.0000,0.0000,0.0000,0.0000,0.0000,820.0000,16300.0000,1.0000,0,0.0000,0.0000,0.0000,511.2930,141.5859
17.9981,0,0,0,0,0.0000,0.0000,0.0000,0.0000,0.0000,0.0000,0.0000,0.0000,820.0000,16300.0000,1.0000,0,0.0000,0.0000,0.0000,511.8879,141.5859
18.9981,0,0,0,0,0.0000,0.0000,0.0000,0.0000,0.0000,0.0000,0.0000,0.0000,820.0000,16300.0000,1.0000,0,0.0000,0.0000,0.0000,512.5781,141.5859
19.9981,0,0,0,0,0.0000,0.0000,0.0000,0.0000,0.0000,0.0000,0.0000,0.0000,820.0000,16300.0000,1.0000,0,0.0000,0.0000,0.0000,512.9992,141.5859
20.9981,0,0,0,0,0.0000,0.0000,0.0000,0.0000,0.0000,0.0000,0.0000,0.0000,820.0000,16300.0000,1.0000,0,0.0000,0.0000,0.0000,511.9992,141.5859
21.9981,0,0,0,0,0.0000,0.0000,0.0000,0.0000,0.0000,0.0000,0.0000,0.0000,820.0000,16300.0000,1.0000,0,0.0000,0.0000,0.0000,511.2264,141.5859
22.9981,0,0,0,0,0.0000,0.0000,0.0000,0.0000,0.0000,0.0000,0.0000,0.0000,820.0000,16300.0000,1.0000,0,0.0000,0.0000,0.0000,511.7819,141.5859
23.9981,0,0,0,0,0.0000,0.0000,0.0000,0.0000,0.0000,0.0000,0.0000,0.0000,820.0000,16300.0000,1.0000,0,0.0000,0.0000,0.0000,510.9159,141.5859
24.9981,0,0,0,0,0.0000,0.0000,0.0000,0.0000,0.0000,0.0000,0.0000,0.0000,820.0000,16300.0000,1.0000,0,0.0000,0.0000,0.0000,509.9192,141.5859
25.9981,0,0,0,0,0.0000,0.0000,0.0000,0.0000,0.0000,0.0000,0.0000,0.0000,820.0000,16300.0000,1.0000,0,0.0000,0.0000,0.0000,511.2685,141.5859
26.9981,0,0,0,0,0.0000,0.0000,0.0000,0.0000,0.0000,0.0000,0.0000,0.0000,820.0000,16300.0000,1.0000,0,0.0000,0.0000,0.0000,511.3327,141.5859
27.9981,0,0,0,0,0.0000,0.0000,0.0000,0.0000,0.0000,0.0000,0.0000,0.0000,820.0000,16300.0000,1.0000,0,0.0000,0.0000,0.0000,510.5707,141.5859
28.9981,0,0,0,0,0.0000,0.0000,0.0000,0.0000,0.0000,0.0000,0.0000,0.0000,820.0000,16300.0000,1.0000,0,0.0000,0.0000,0.0000,510.2752,141.5859
29.9981,0,0,0,0,0.0000,0.0000,0.0000,0.0000,0.0000,0.0000,0.0000,0.0000,820.0000,16300.0000,1.0000,0,0.0000,0.0000,0.0000,510.0660,141.5859
30.9981,0,0,0,0,0.0000,0.0000,0.0000,0.0000,0.0000,0.0000,0.0000,0.0000,820.0000,16300.0000,1.0000,0,0.0000,0.0000,0.0000,509.4186,141.5859
31.9981,0,0,0,0,0.0000,0.0000,0.0000,0.0000,0.0000,0.0000,0.0000,0.0000,820.0000,16300.0000,1.0000,0,0.0000,0.0000,0.0000,510.8119,141.5859
32.9981,0,0,0,0,0.0000,0.0000,0.0000,0.0000,0.0000,0.0000,0.0000,0.0000,820.0000,16300.0000,1.0000,0,0.0000,0.0000,0.0000,510.9994,141.5859
33.9981,0,0,0,0,0.0000,0.0000,0.0000,0.0000,0.0000,0.0000,0.0000,0.0000,820.0000,16300.0000,1.0000,0,0.0000,0.0000,0.0000,510.3523,141.5859
34.9981,0,0,0,0,0.0000,0.0000,0.0000,0.0000,0.0000,0.0000,0.0000,0.0000,820.0000,16300.0000,1.0000,0,0.0000,0.0000,0.0000,509.7137,141.5859
35.9981,0,0,0,0,0.0000,0.0000,0.0000,0.0000,0.0000,0.0000,0.0000,0.0000,820.0000,16300.0000,1.0000,0,0.0000,0.0000,0.0000,509.4438,141.5859
36.9981,0,0,0,0,0.0000,0.0000,0.0000,0.0000,0.0000,0.0000,0.0000,0.0000,820.0000,16300.0000,1.0000,0,0.0000,0.0000,0.0000,508.8372,141.5859
37.9981,0,0,0,0,0.0000,0.0000,0.0000,0.0000,0.0000,0.0000,0.0000,0.0000,820.0000,16300.0000,1.0000,0,0.0000,0.0000,0.0000,508.3415,141.5859
38.9981,0,0,0,0,0.0000,0.0000,0.0000,0.0000,0.0000,0.0000,0.0000,0.0000,820.0000,16300.0000,1.0000,0,0.0000,0.0000,0.0000,508.3840,141.5859
39.9981,0,0,0,0,0.0000,0.0000,0.0000,0.0000,0.0000,0.0000,0.0000,0.0000,820.0000,16300.0000,1.0000,0,0.0000,0.0000,0.0000,509.1744,141.5859
40.9981,0,0,0,0,0.0000,0.0000,0.0000,0.0000,0.0000,0.0000,0.0000,0.0000,820.0000,16300.0000,1.0000,0,0.0000,0.0000,0.0000,508.8043,141.5859
41.9981,0,0,0,0,0.0000,0.0000,0.0000,0.0000,0.0000,0.0000,0.0000,0.0000,820.0000,16300.0000,1.0000,0,0.0000,0.0000,0.0000,509.3090,141.5859
42.9981,0,0,0,0,0.0000,0.0000,0.0000,0.0000,0.0000,0.0000,0.0000,0.0000,820.0000,16300.0000,1.0000,0,0.0000,0.0000,0.0000,509.2320,141.5859
43.9981,0,0,0,0,0.0000,0.0000,0.0000,0.0000,0.0000,0.0000,0.0000,0.0000,820.0000,16300.0000,1.0000,0,0.0000,0.0000,0.0000,508.8177,141.5859
44.9981,0,0,0,0,0.0000,0.0000,0.0000,0.0000,0.0000,0.0000,0.0000,0.0000,820.0000,16300.0000,1.0000,0,0.0000,0.0000,0.0000,508.4439,141.5859
45.9981,0,0,0,0,0.0000,0.0000,0.0000,0.0000,0.0000,0.0000,0.0000,0.0000,820.0000,16300.0000,1.0000,0,0.0000,0.0000,0.0000,509.4343,141.5859
46.9981,0,0,0,0,0.0000,0.0000,0.0000,0.0000,0.0000,0.0000,0.0000,0.0000,820.0000,16300.0000,1.0000,0,0.0000,0.0000,0.0000,509.0421,141.5859
47.9981,0,0,0,0,0.0000,0.0000,0.0000,0.0000,0.0000,0.0000,0.0000,0.0000,820.0000,16300.0000,1.0000,0,0.0000,0.0000,0.0000,508.5620,141.5859
1.9981,0,0,0,0,0.0000,0.0000,0.0000,0.0000,0.0000,0.0000,0.0000,0.0000,0.0000,-100.0000,1.0000,0,0.0000,0.0000,0.0000,506.9867,141.2930
2.9981,0,0,0,0,0.0000,0.0000,0.0000,0.0000,0.0000,0.0000,0.0000,0.0000,110.0000,2100.0000,1.0000,0,0.0000,0.0000,0.0000,522.0007,141.4727
3.9981,0,0,0,0,0.0000,0.0000,0.0000,0.0000,0.0000,0.0000,0.0000,0.0000,330.0000,6500.0000,1.0000,0,0.0000,0.0000,0.0000,520.7500,141.4727
4.9981,0,0,0,0,0.0000,0.0000,0.0000,0.0000,0.0000,0.0000,0.0000,0.0000,530.0000,10500.0000,1.0000,0,0.0000,0.0000,0.0000,515.7981,141.4844
5.9981,0,0,0,0,0.0000,0.0000,0.0000,0.0000,0.0000,0.0000,0.0000,0.0000,730.0000,14500.0000,1.0000,0,0.0000,0.0000,0.0000,517.4989,141.4844
6.9981,0,0,0,0,0.0000,0.0000,0.0000,0.0000,0.0000,0.0000,0.0000,0.0000,930.0000,18500.0000,1.0000,0,0.0000,0.0000,0.0000,514.4268,141.4961
7.9981,0,0,0,0,0.0000,0.0000,0.0000,0.0000,0.0000,0.0000,0.0000,0.0000,1130.0000,22500.0000,1.0000,0,0.0000,0.0000,0.0000,512.4980,141.4961
8.9981,0,0,0,0,0.0000,0.0000,0.0000,0.0000,0.0000,0.0000,0.0000,0.0000,1220.0000,24300.0000,1.0000,0,0.0000,0.0000,0.0000,515.4433,141.4961
9.9981,0,0,0,0,0.0000,0.0000,0.0000,0.0000,0.0000,0.0000,0.0000,0.0000,1220.0000,24300.0000,1.0000,0,0.0000,0.0000,0.0000,513.0985,141.4961
10.9981,0,0,0,0,0.0000,0.0000,0.0000,0.0000,0.0000,0.0000,0.0000,0.0000,1220.0000,24300.0000,1.0000,0,0.0000,0.0000,0.0000,511.3620,141.4961
11.9981,0,0,0,0,0.0000,0.0000,0.0000,0.0000,0.0000,0.0000,0.0000,0.0000,1220.0000,24300.0000,1.0000,0,0.0000,0.0000,0.0000,509.7482,141.4961
12.9981,0,0,0,0,0.0000,0.0000,0.0000,0.0000,0.0000,0.0000,0.0000,0.0000,1220.0000,24300.0000,1.0000,0,0.0000,0.0000,0.0000,509.3829,141.4961
13.9981,0,0,0,0,0.0000,0.0000,0.0000,0.0000,0.0000,0.0000,0.0000,0.0000,1220.0000,24300.0000,1.0000,0,0.0000,0.0000,0.0000,507.9982,141.4961
14.9981,0,0,0,0,0.0000,0.0000,0.0000,0.0000,0.0000,0.0000,0.0000,0.0000,1220.0000,24300.0000,1.0000,0,0.0000,0.0000,0.0000,506.5315,141.4961
15.9981,0,0,0,0,0.0000,0.0000,0.0000,0.0000,0.0000,0.0000,0.0000,0.0000,1220.0000,24300.0000,1.0000,0,0.0000,0.0000,0.0000,507.3734,141.4961
16.9981,0,0,0,0,0.0000,0.0000,0.0000,0.0000,0.0000,0.0000,0.0000,0.0000,1220.0000,24300.0000,1.0000,0,0.0000,0.0000,0.0000,508.1750,141.4961
17.9981,0,0,0,0,0.0000,0.0000,0.0000,0.0000,0.0000,0.0000,0.0000,0.0000,1220.0000,24300.0000,1.0000,0,0.0000,0.0000,0.0000,507.3875,141.4961
18.9981,0,0,0,0,0.0000,0.0000,0.0000,0.0000,0.0000,0.0000,0.0000,0.0000,1220.0000,24300.0000,1.0000,0,0.0000,0.0000,0.0000,508.7883,141.4961
19.9981,0,0,0,0,0.0000,0.0000,0.0000,0.0000,0.0000,0.0000,0.0000,0.0000,1220.0000,24300.0000,1.0000,0,0.0000,0.0000,0.0000,508.4988,141.4961
20.9981,0,0,0,0,0.0000,0.0000,0.0000,0.0000,0.0000,0.0000,0.0000,0.0000,1220.0000,24300.0000,1.0000,0,0.0000,0.0000,0.0000,507.4750,141.4961
21.9981,0,0,0,0,0.0000,0.0000,0.0000,0.0000,0.0000,0.0000,0.0000,0.0000,1220.0000,24300.0000,1.0000,0,0.0000,0.0000,0.0000,506.8624,141.4961
22.9981,0,0,0,0,0.0000,0.0000,0.0000,0.0000,0.0000,0.0000,0.0000,0.0000,1220.0000,24300.0000,1.0000,0,0.0000,0.0000,0.0000,508.3903,141.4961
23.9981,0,0,0,0,0.0000,0.0000,0.0000,0.0000,0.0000,0.0000,0.0000,0.0000,1220.0000,24300.0000,1.0000,0,0.0000,0.0000,0.0000,507.6656,141.4961
24.9981,0,0,0,0,0.0000,0.0000,0.0000,0.0000,0.0000,0.0000,0.0000,0.0000,1220.0000,24300.0000,1.0000,0,0.0000,0.0000,0.0000,506.7989,141.4961
25.9981,0,0,0,0,0.0000,0.0000,0.0000,0.0000,0.0000,0.0000,0.0000,0.0000,1220.0000,24300.0000,1.0000,0,0.0000,0.0000,0.0000,507.0374,141.4961
26.9981,0,0,0,0,0.0000,0.0000,0.0000,0.0000,0.0000,0.0000,0.0000,0.0000,1220.0000,24300.0000,1.0000,0,0.0000,0.0000,0.0000,506.2953,141.4961
27.9981,0,0,0,0,0.0000,0.0000,0.0000,0.0000,0.0000,0.0000,0.0000,0.0000,1220.0000,24300.0000,1.0000,0,0.0000,0.0000,0.0000,505.6418,141.4961
28.9981,0,0,0,0,0.0000,0.0000,0.0000,0.0000,0.0000,0.0000,0.0000,0.0000,1220.0000,24300.0000,1.0000,0,0.0000,0.0000,0.0000,505.3093,141.4961
29.9981,0,0,0,0,0.0000,0.0000,0.0000,0.0000,0.0000,0.0000,0.0000,0.0000,1220.0000,24300.0000,1.0000,0,0.0000,0.0000,0.0000,505.7657,141.4961
30.9981,0,0,0,0,0.0000,0.0000,0.0000,0.0000,0.0000,0.0000,0.0000,0.0000,1220.0000,24300.0000,1.0000,0,0.0000,0.0000,0.0000,506.1281,141.4961
31.9981,0,0,0,0,0.0000,0.0000,0.0000,0.0000,0.0000,0.0000,0.0000,0.0000,1220.0000,24300.0000,1.0000,0,0.0000,0.0000,0.0000,506.0929,141.4961
32.9981,0,0,0,0,0.0000,0.0000,0.0000,0.0000,0.0000,0.0000,0.0000,0.0000,1220.0000,24300.0000,1.0000,0,0.0000,0.0000,0.0000,506.0597,141.4961
33.9981,0,0,0,0,0.0000,0.0000,0.0000,0.0000,0.0000,0.0000,0.0000,0.0000,1220.0000,24300.0000,1.0000,0,0.0000,0.0000,0.0000,505.5285,141.4961
34.9981,0,0,0,0,0.0000,0.0000,0.0000,0.0000,0.0000,0.0000,0.0000,0.0000,1220.0000,24300.0000,1.0000,0,0.0000,0.0000,0.0000,505.1706,141.4961
35.9981,0,0,0,0,0.0000,0.0000,0.0000,0.0000,0.0000,0.0000,0.0000,0.0000,1220.0000,24300.0000,1.0000,0,0.0000,0.0000,0.0000,505.7770,141.4961
36.9981,0,0,0,0,0.0000,0.0000,0.0000,0.0000,0.0000,0.0000,0.0000,0.0000,1220.0000,24300.0000,1.0000,0,0.0000,0.0000,0.0000,505.8100,141.4961
37.9981,0,0,0,0,0.0000,0.0000,0.0000,0.0000,0.0000,0.0000,0.0000,0.0000,1220.0000,24300.0000,1.0000,0,0.0000,0.0000,0.0000,505.4729,141.4961
38.9981,0,0,0,0,0.0000,0.0000,0.0000,0.0000,0.0000,0.0000,0.0000,0.0000,1220.0000,24300.0000,1.0000,0,0.0000,0.0000,0.0000,505.7428,141.4961
39.9981,0,0,0,0,0.0000,0.0000,0.0000,0.0000,0.0000,0.0000,0.0000,0.0000,1220.0000,24300.0000,1.0000,0,0.0000,0.0000,0.0000,505.3993,141.4961
40.9981,0,0,0,0,0.0000,0.0000,0.0000,0.0000,0.0000,0.0000,0.0000,0.0000,1220.0000,24300.0000,1.0000,0,0.0000,0.0000,0.0000,505.0724,141.4961
41.9981,0,0,0,0,0.0000,0.0000,0.0000,0.0000,0.0000,0.0000,0.0000,0.0000,1220.0000,24300.0000,1.0000,0,0.0000,0.0000,0.0000,505.4279,141.4961
42.9981,0,0,0,0,0.0000,0.0000,0.0000,0.0000,0.0000,0.0000,0.0000,0.0000,1220.0000,24300.0000,1.0000,0,0.0000,0.0000,0.0000,505.8365,141.4961
43.9981,0,0,0,0,0.0000,0.0000,0.0000,0.0000,0.0000,0.0000,0.0000,0.0000,1220.0000,24300.0000,1.0000,0,0.0000,0.0000,0.0000,506.4085,141.4961
44.9981,0,0,0,0,0.0000,0.0000,0.0000,0.0000,0.0000,0.0000,0.0000,0.0000,1220.0000,24300.0000,1.0000,0,0.0000,0.0000,0.0000,506.2438,141.4961
45.9981,0,0,0,0,0.0000,0.0000,0.0000,0.0000,0.0000,0.0000,0.0000,0.0000,1220.0000,24300.0000,1.0000,0,0.0000,0.0000,0.0000,506.2385,141.4961
46.9981,0,0,0,0,0.0000,0.0000,0.0000,0.0000,0.0000,0.0000,0.0000,0.0000,1220.0000,24300.0000,1.0000,0,0.0000,0.0000,0.0000,506.1483,141.4961
47.9981,0,0,0,0,0.0000,0.0000,0.0000,0.0000,0.0000,0.0000,0.0000,0.0000,1220.0000,24300.0000,1.0000,0,0.0000,0.0000,0.0000,505.8952,141.4961
48.9981,0,0,0,0,0.0000,0.0000,0.0000,0.0000,0.0000,0.0000,0.0000,0.0000,1220.0000,24300.0000,1.0000,0,0.0000,0.0000,0.0000,505.8157,141.4961
49.9981,0,0,0,0,0.0000,0.0000,0.0000,0.0000,0.0000,0.0000,0.0000,0.0000,1220.0000,24300.0000,1.0000,0,0.0000,0.0000,0.0000,506.2194,141.4961
50.9981,0,0,0,0,0.0000,0.0000,0.0000,0.0000,0.0000,0.0000,0.0000,0.0000,1220.0000,24300.0000,1.0000,0,0.0000,0.0000,0.0000,505.9602,141.4961
51.9981,0,0,0,0,0.0000,0.0000,0.0000,0.0000,0.0000,0.0000,0.0000,0.0000,1220.0000,24300.0000,1.0000,0,0.0000,0.0000,0.0000,505.9225,141.4961
52.9981,0,0,0,0,0.0000,0.0000,0.0000,0.0000,0.0000,0.0000,0.0000,0.0000,1220.0000,24300.0000,1.0000,0,0.0000,0.0000,0.0000,505.6410,141.4961
53.9981,0,0,0,0,0.0000,0.0000,0.0000,0.0000,0.0000,0.0000,0.0000,0.0000,1220.0000,24300.0000,1.0000,0,0.0000,0.0000,0.0000,505.3513,141.4961
54.9981,0,0,0,0,0.0000,0.0000,0.0000,0.0000,0.0000,0.0000,0.0000,0.0000,1220.0000,24300.0000,1.0000,0,0.0000,0.0000,0.0000,505.3449,141.4961
55.9981,0,0,0,0,0.0000,0.0000,0.0000,0.0000,0.0000,0.0000,0.0000,0.0000,1220.0000,24300.0000,1.0000,0,0.0000,0.0000,0.0000,505.1602,141.4961
56.9981,0,0,0,0,0.0000,0.0000,0.0000,0.0000,0.0000,0.0000,0.0000,0.0000,1220.0000,24300.0000,1.0000,0,0.0000,0.0000,0.0000,505.2977,141.4961
57.9981,0,0,0,0,0.0000,0.0000,0.0000,0.0000,0.0000,0.0000,0.0000,0.0000,1220.0000,24300.0000,1.0000,0,0.0000,0.0000,0.0000,505.6202,141.4961
58.9981,0,0,0,0,0.0000,0.0000,0.0000,0.0000,0.0000,0.0000,0.0000,0.0000,1220.0000,24300.0000,1.0000,0,0.0000,0.0000,0.0000,505.8978,141.4961
1.9981,0,0,0,0,0.0000,0.0000,0.0000,0.0000,0.0000,0.0000,0.0000,0.0000,0.0000,-100.0000,1.0000,0,0.0000,0.0000,0.0000,514.9944,141.2969
2.9981,0,0,0,0,0.0000,0.0000,0.0000,0.0000,0.0000,0.0000,0.0000,0.0000,30.0000,500.0000,2.0000,2,0.0000,0.0000,0.0000,508.3253,141.4844
3.9981,0,0,0,0,0.0000,0.0000,0.0000,0.0000,0.0000,0.0000,0.0000,0.0000,70.0000,1300.0000,2.0000,2,0.0000,0.0000,0.0000,515.2473,141.4844
4.9981,0,0,0,0,0.0000,0.0000,0.0000,0.0000,0.0000,0.0000,0.0000,0.0000,80.0000,1500.0000,2.0000,2,0.0000,0.0000,0.0000,514.5976,141.4844
5.9981,0,0,0,0,0.0000,0.0000,0.0000,0.0000,0.0000,0.0000,0.0000,0.0000,80.0000,1500.0000,2.0000,2,0.0000,0.0000,0.0000,511.1636,141.4844
6.9981,0,0,0,0,0.0000,0.0000,0.0000,0.0000,0.0000,0.0000,0.0000,0.0000,80.0000,1500.0000,2.0000,2,0.0000,0.0000,0.0000,508.7110,141.4844
7.9981,0,0,0,0,0.0000,0.0000,0.0000,0.0000,0.0000,0.0000,0.0000,0.0000,80.0000,1500.0000,2.0000,2,0.0000,0.0000,0.0000,508.6221,141.4844
8.9981,0,0,0,0,0.0000,0.0000,0.0000,0.0000,0.0000,0.0000,0.0000,0.0000,80.0000,1500.0000,2.0000,2,0.0000,0.0000,0.0000,507.1082,141.4844
9.9981,0,0,0,0,0.0000,0.0000,0.0000,0.0000,0.0000,0.0000,0.0000,0.0000,80.0000,1500.0000,2.0000,2,0.0000,0.0000,0.0000,506.1972,141.4844
10.9981,0,0,0,0,0.0000,0.0000,0.0000,0.0000,0.0000,0.0000,0.0000,0.0000,80.0000,1500.0000,2.0000,2,0.0000,0.0000,0.0000,508.8161,141.4844
11.9981,0,0,0,0,0.0000,0.0000,0.0000,0.0000,0.0000,0.0000,0.0000,0.0000,80.0000,1500.0000,2.0000,2,0.0000,0.0000,0.0000,510.1650,141.4844
12.9981,0,0,0,0,0.0000,0.0000,0.0000,0.0000,0.0000,0.0000,0.0000,0.0000,80.0000,1500.0000,2.0000,2,0.0000,0.0000,0.0000,508.7674,141.4844
13.9981,0,0,0,0,0.0000,0.0000,0.0000,0.0000,0.0000,0.0000,0.0000,0.0000,80.0000,1500.0000,2.0000,2,0.0000,0.0000,0.0000,508.2840,141.4844
14.9981,0,0,0,0,0.0000,0.0000,0.0000,0.0000,0.0000,0.0000,0.0000,0.0000,80.0000,1500.0000,2.0000,2,0.0000,0.0000,0.0000,507.9984,141.4844
15.9981,0,0,0,0,0.0000,0.0000,0.0000,0.0000,0.0000,0.0000,0.0000,0.0000,80.0000,1500.0000,2.0000,2,0.0000,0.0000,0.0000,506.9983,141.4844
16.9981,0,0,0,0,0.0000,0.0000,0.0000,0.0000,0.0000,0.0000,0.0000,0.0000,80.0000,1500.0000,2.0000,2,0.0000,0.0000,0.0000,507.1749,141.4844
17.9981,0,0,0,0,0.0000,0.0000,0.0000,0.0000,0.0000,0.0000,0.0000,0.0000,80.0000,1500.0000,2.0000,2,0.0000,0.0000,0.0000,508.6098,141.4844
18.9981,0,0,0,0,0.0000,0.0000,0.0000,0.0000,0.0000,0.0000,0.0000,0.0000,80.0000,1500.0000,2.0000,2,0.0000,0.0000,0.0000,507.7882,141.4844
19.9981,0,0,0,0,0.0000,0.0000,0.0000,0.0000,0.0000,0.0000,0.0000,0.0000,80.0000,1500.0000,2.0000,2,0.0000,0.0000,0.0000,506.7486,141.4844
20.9981,0,0,0,0,0.0000,0.0000,0.0000,0.0000,0.0000,0.0000,0.0000,0.0000,80.0000,1500.0000,2.0000,2,0.0000,0.0000,0.0000,506.5225,141.4844
21.9981,0,0,0,0,0.0000,0.0000,0.0000,0.0000,0.0000,0.0000,0.0000,0.0000,80.0000,1500.0000,2.0000,2,0.0000,0.0000,0.0000,505.8169,141.4844
22.9981,0,0,0,0,0.0000,0.0000,0.0000,0.0000,0.0000,0.0000,0.0000,0.0000,80.0000,1500.0000,2.0000,2,0.0000,0.0000,0.0000,505.1291,141.4844
23.9981,0,0,0,0,0.0000,0.0000,0.0000,0.0000,0.0000,0.0000,0.0000,0.0000,80.0000,1500.0000,2.0000,2,0.0000,0.0000,0.0000,505.3321,141.4844
24.9981,0,0,0,0,0.0000,0.0000,0.0000,0.0000,0.0000,0.0000,0.0000,0.0000,80.0000,1500.0000,2.0000,2,0.0000,0.0000,0.0000,507.1189,141.4844
25.9981,0,0,0,0,0.0000,0.0000,0.0000,0.0000,0.0000,0.0000,0.0000,0.0000,80.0000,1500.0000,2.0000,2,0.0000,0.0000,0.0000,506.6528,141.4844
26.9981,0,0,0,0,0.0000,0.0000,0.0000,0.0000,0.0000,0.0000,0.0000,0.0000,80.0000,1500.0000,2.0000,2,0.0000,0.0000,0.0000,506.8509,141.4844
27.9981,0,0,0,0,0.0000,0.0000,0.0000,0.0000,0.0000,0.0000,0.0000,0.0000,80.0000,1500.0000,2.0000,2,0.0000,0.0000,0.0000,507.1062,141.4844
28.9981,0,0,0,0,0.0000,0.0000,0.0000,0.0000,0.0000,0.0000,0.0000,0.0000,80.0000,1500.0000,2.0000,2,0.0000,0.0000,0.0000,507.4474,141.4844
29.9981,0,0,0,0,0.0000,0.0000,0.0000,0.0000,0.0000,0.0000,0.0000,0.0000,80.0000,1500.0000,2.0000,2,0.0000,0.0000,0.0000,507.1658,141.4844
30.9981,0,0,0,0,0.0000,0.0000,0.0000,0.0000,0.0000,0.0000,0.0000,0.0000,80.0000,1500.0000,2.0000,2,0.0000,0.0000,0.0000,508.4508,141.4844
31.9981,0,0,0,0,0.0000,0.0000,0.0000,0.0000,0.0000,0.0000,0.0000,0.0000,80.0000,1500.0000,2.0000,2,0.0000,0.0000,0.0000,508.3117,141.4844
32.9981,0,0,0,0,0.0000,0.0000,0.0000,0.0000,0.0000,0.0000,0.0000,0.0000,80.0000,1500.0000,2.0000,2,0.0000,0.0000,0.0000,507.9083,141.4844
33.9981,0,0,0,0,0.0000,0.0000,0.0000,0.0000,0.0000,0.0000,0.0000,0.0000,80.0000,1500.0000,2.0000,2,0.0000,0.0000,0.0000,507.9699,141.4844
34.9981,0,0,0,0,0.0000,0.0000,0.0000,0.0000,0.0000,0.0000,0.0000,0.0000,80.0000,1500.0000,2.0000,2,0.0000,0.0000,0.0000,508.0850,141.4844
35.9981,0,0,0,0,0.0000,0.0000,0.0000,0.0000,0.0000,0.0000,0.0000,0.0000,80.0000,1500.0000,2.0000,2,0.0000,0.0000,0.0000,507.6937,141.4844
36.9981,0,0,0,0,0.0000,0.0000,0.0000,0.0000,0.0000,0.0000,0.0000,0.0000,80.0000,1500.0000,2.0000,2,0.0000,0.0000,0.0000,507.4858,141.4844
37.9981,0,0,0,0,0.0000,0.0000,0.0000,0.0000,0.0000,0.0000,0.0000,0.0000,80.0000,1500.0000,2.0000,2,0.0000,0.0000,0.0000,508.2625,141.4844
38.9981,0,0,0,0,0.0000,0.0000,0.0000,0.0000,0.0000,0.0000,0.0000,0.0000,80.0000,1500.0000,2.0000,2,0.0000,0.0000,0.0000,508.1019,141.4844
39.9981,0,0,0,0,0.0000,0.0000,0.0000,0.0000,0.0000,0.0000,0.0000,0.0000,80.0000,1500.0000,2.0000,2,0.0000,0.0000,0.0000,507.7494,141.4844
40.9981,0,0,0,0,0.0000,0.0000,0.0000,0.0000,0.0000,0.0000,0.0000,0.0000,80.0000,1500.0000,2.0000,2,0.0000,0.0000,0.0000,507.9994,141.4844
1.9981,0,0,0,0,0.0000,0.0000,0.0000,0.0000,0.0000,0.0000,0.0000,0.0000,0.0000,-100.0000,1.0000,0,0.0000,0.0000,0.0000,516.9963,141.3281
2.9981,0,0,0,0,0.0000,0.0000,0.0000,0.0000,0.0000,0.0000,0.0000,0.0000,30.0000,500.0000,2.0000,2,0.0000,0.0000,0.0000,509.3260,141.5156
3.9981,0,0,0,0,0.0000,0.0000,0.0000,0.0000,0.0000,0.0000,0.0000,0.0000,70.0000,1300.0000,2.0000,2,0.0000,0.0000,0.0000,518.9991,141.5156
4.9981,0,0,0,0,0.0000,0.0000,0.0000,0.0000,0.0000,0.0000,0.0000,0.0000,110.0000,2100.0000,2.0000,2,0.0000,0.0000,0.0000,522.6007,141.5156
5.9981,0,0,0,0,0.0000,0.0000,0.0000,0.0000,0.0000,0.0000,0.0000,0.0000,150.0000,2900.0000,2.0000,2,0.0000,0.0000,0.0000,518.9994,141.5156
6.9981,0,0,0,0,0.0000,0.0000,0.0000,0.0000,0.0000,0.0000,0.0000,0.0000,160.0000,3100.0000,2.0000,2,0.0000,0.0000,0.0000,519.9998,141.5156
7.9981,0,0,0,0,0.0000,0.0000,0.0000,0.0000,0.0000,0.0000,0.0000,0.0000,160.0000,3100.0000,2.0000,2,0.0000,0.0000,0.0000,518.3744,141.5156
8.9981,0,0,0,0,0.0000,0.0000,0.0000,0.0000,0.0000,0.0000,0.0000,0.0000,160.0000,3100.0000,2.0000,2,0.0000,0.0000,0.0000,515.8878,141.5156
9.9981,0,0,0,0,0.0000,0.0000,0.0000,0.0000,0.0000,0.0000,0.0000,0.0000,160.0000,3100.0000,2.0000,2,0.0000,0.0000,0.0000,513.5986,141.5156
10.9981,0,0,0,0,0.0000,0.0000,0.0000,0.0000,0.0000,0.0000,0.0000,0.0000,160.0000,3100.0000,2.0000,2,0.0000,0.0000,0.0000,517.9995,141.5156
11.9981,0,0,0,0,0.0000,0.0000,0.0000,0.0000,0.0000,0.0000,0.0000,0.0000,160.0000,3100.0000,2.0000,2,0.0000,0.0000,0.0000,516.4160,141.5156
12.9981,0,0,0,0,0.0000,0.0000,0.0000,0.0000,0.0000,0.0000,0.0000,0.0000,160.0000,3100.0000,2.0000,2,0.0000,0.0000,0.0000,514.8453,141.5156
13.9981,0,0,0,0,0.0000,0.0000,0.0000,0.0000,0.0000,0.0000,0.0000,0.0000,160.0000,3100.0000,2.0000,2,0.0000,0.0000,0.0000,514.3563,141.5156
14.9981,0,0,0,0,0.0000,0.0000,0.0000,0.0000,0.0000,0.0000,0.0000,0.0000,160.0000,3100.0000,2.0000,2,0.0000,0.0000,0.0000,512.8656,141.5156
1.9981,0,0,0,0,0.0000,0.0000,0.0000,0.0000,0.0000,0.0000,0.0000,0.0000,0.0000,-100.0000,1.0000,0,0.0000,0.0000,0.0000,547.0251,141.3398
2.9981,0,0,0,0,0.0000,0.0000,0.0000,0.0000,0.0000,0.0000,0.0000,0.0000,30.0000,500.0000,2.0000,2,0.0000,0.0000,0.0000,531.0065,141.5195
3.9981,0,0,0,0,0.0000,0.0000,0.0000,0.0000,0.0000,0.0000,0.0000,0.0000,70.0000,1300.0000,2.0000,2,0.0000,0.0000,0.0000,530.5046,141.5273
4.9981,0,0,0,0,0.0000,0.0000,0.0000,0.0000,0.0000,0.0000,0.0000,0.0000,110.0000,2100.0000,2.0000,2,0.0000,0.0000,0.0000,526.0020,141.5273
5.9981,0,0,0,0,0.0000,0.0000,0.0000,0.0000,0.0000,0.0000,0.0000,0.0000,150.0000,2900.0000,2.0000,2,0.0000,0.0000,0.0000,520.6666,141.5352
6.9981,0,0,0,0,0.0000,0.0000,0.0000,0.0000,0.0000,0.0000,0.0000,0.0000,190.0000,3700.0000,2.0000,2,0.0000,0.0000,0.0000,516.5703,141.5352
7.9981,0,0,0,0,0.0000,0.0000,0.0000,0.0000,0.0000,0.0000,0.0000,0.0000,230.0000,4500.0000,2.0000,2,0.0000,0.0000,0.0000,517.4992,141.5352
8.9981,0,0,0,0,0.0000,0.0000,0.0000,0.0000,0.0000,0.0000,0.0000,0.0000,240.0000,4700.0000,2.0000,2,0.0000,0.0000,0.0000,518.5551,141.5352
9.9981,0,0,0,0,0.0000,0.0000,0.0000,0.0000,0.0000,0.0000,0.0000,0.0000,240.0000,4700.0000,2.0000,2,0.0000,0.0000,0.0000,516.3991,141.5352
10.9981,0,0,0,0,0.0000,0.0000,0.0000,0.0000,0.0000,0.0000,0.0000,0.0000,240.0000,4700.0000,2.0000,2,0.0000,0.0000,0.0000,515.6355,141.5352
11.9981,0,0,0,0,0.0000,0.0000,0.0000,0.0000,0.0000,0.0000,0.0000,0.0000,240.0000,4700.0000,2.0000,2,0.0000,0.0000,0.0000,513.6655,141.5352
12.9981,0,0,0,0,0.0000,0.0000,0.0000,0.0000,0.0000,0.0000,0.0000,0.0000,240.0000,4700.0000,2.0000,2,0.0000,0.0000,0.0000,512.2295,141.5352
13.9981,0,0,0,0,0.0000,0.0000,0.0000,0.0000,0.0000,0.0000,0.0000,0.0000,240.0000,4700.0000,2.0000,2,0.0000,0.0000,0.0000,511.8559,141.5352
14.9981,0,0,0,0,0.0000,0.0000,0.0000,0.0000,0.0000,0.0000,0.0000,0.0000,240.0000,4700.0000,2.0000,2,0.0000,0.0000,0.0000,512.7323,141.5352
1.9981,0,0,0,0,0.0000,0.0000,0.0000,0.0000,0.0000,0.0000,0.0000,0.0000,0.0000,-100.0000,1.0000,0,0.0000,0.0000,0.0000,525.0040,141.2773
2.9981,0,0,0,0,0.0000,0.0000,0.0000,0.0000,0.0000,0.0000,0.0000,0.0000,30.0000,500.0000,2.0000,2,0.0000,0.0000,0.0000,515.3298,141.4531
3.9981,0,0,0,0,0.0000,0.0000,0.0000,0.0000,0.0000,0.0000,0.0000,0.0000,70.0000,1300.0000,2.0000,2,0.0000,0.0000,0.0000,516.2478,141.4531
4.9981,0,0,0,0,0.0000,0.0000,0.0000,0.0000,0.0000,0.0000,0.0000,0.0000,110.0000,2100.0000,2.0000,2,0.0000,0.0000,0.0000,519.3994,141.4570
5.9981,0,0,0,0,0.0000,0.0000,0.0000,0.0000,0.0000,0.0000,0.0000,0.0000,150.0000,2900.0000,2.0000,2,0.0000,0.0000,0.0000,516.9988,141.4570
6.9981,0,0,0,0,0.0000,0.0000,0.0000,0.0000,0.0000,0.0000,0.0000,0.0000,190.0000,3700.0000,2.0000,2,0.0000,0.0000,0.0000,516.7132,141.4727
7.9981,0,0,0,0,0.0000,0.0000,0.0000,0.0000,0.0000,0.0000,0.0000,0.0000,230.0000,4500.0000,2.0000,2,0.0000,0.0000,0.0000,513.9984,141.4727
8.9981,0,0,0,0,0.0000,0.0000,0.0000,0.0000,0.0000,0.0000,0.0000,0.0000,270.0000,5300.0000,2.0000,2,0.0000,0.0000,0.0000,511.9981,141.4727
9.9981,0,0,0,0,0.0000,0.0000,0.0000,0.0000,0.0000,0.0000,0.0000,0.0000,310.0000,6100.0000,2.0000,2,0.0000,0.0000,0.0000,512.0983,141.4727
10.9981,0,0,0,0,0.0000,0.0000,0.0000,0.0000,0.0000,0.0000,0.0000,0.0000,320.0000,6300.0000,2.0000,2,0.0000,0.0000,0.0000,511.9985,141.4727
11.9981,0,0,0,0,0.0000,0.0000,0.0000,0.0000,0.0000,0.0000,0.0000,0.0000,320.0000,6300.0000,2.0000,2,0.0000,0.0000,0.0000,513.9989,141.4727
12.9981,0,0,0,0,0.0000,0.0000,0.0000,0.0000,0.0000,0.0000,0.0000,0.0000,320.0000,6300.0000,2.0000,2,0.0000,0.0000,0.0000,514.8453,141.4727
13.9981,0,0,0,0,0.0000,0.0000,0.0000,0.0000,0.0000,0.0000,0.0000,0.0000,320.0000,6300.0000,2.0000,2,0.0000,0.0000,0.0000,515.2850,141.4727
1.9981,0,0,0,0,0.0000,0.0000,0.0000,0.0000,0.0000,0.0000,0.0000,0.0000,0.0000,-100.0000,1.0000,0,0.0000,0.0000,0.0000,516.4958,141.3203
2.9981,0,0,0,0,0.0000,0.0000,0.0000,0.0000,0.0000,0.0000,0.0000,0.0000,30.0000,500.0000,2.0000,2,0.0000,0.0000,0.0000,508.9924,141.4922
3.9981,0,0,0,0,0.0000,0.0000,0.0000,0.0000,0.0000,0.0000,0.0000,0.0000,74.0000,1380.0000,2.0000,2,0.0000,0.0000,0.0000,507.4936,141.4922
4.9981,0,0,0,0,0.0000,0.0000,0.0000,0.0000,0.0000,0.0000,0.0000,0.0000,84.0000,1580.0000,2.0000,2,0.0000,0.0000,0.0000,505.3941,141.4922
5.9981,0,0,0,0,0.0000,0.0000,0.0000,0.0000,0.0000,0.0000,0.0000,0.0000,84.0000,1580.0000,2.0000,2,0.0000,0.0000,0.0000,509.8298,141.4922
6.9981,0,0,0,0,0.0000,0.0000,0.0000,0.0000,0.0000,0.0000,0.0000,0.0000,84.0000,1580.0000,2.0000,2,0.0000,0.0000,0.0000,516.8561,141.5078
7.9981,0,0,0,0,0.0000,0.0000,0.0000,0.0000,0.0000,0.0000,0.0000,0.0000,84.0000,1580.0000,2.0000,2,0.0000,0.0000,0.0000,515.4987,141.5078
8.9981,0,0,0,0,0.0000,0.0000,0.0000,0.0000,0.0000,0.0000,0.0000,0.0000,84.0000,1580.0000,2.0000,2,0.0000,0.0000,0.0000,515.4433,141.5078
9.9981,0,0,0,0,0.0000,0.0000,0.0000,0.0000,0.0000,0.0000,0.0000,0.0000,84.0000,1580.0000,2.0000,2,0.0000,0.0000,0.0000,513.7986,141.5078
10.9981,0,0,0,0,0.0000,0.0000,0.0000,0.0000,0.0000,0.0000,0.0000,0.0000,84.0000,1580.0000,2.0000,2,0.0000,0.0000,0.0000,513.5442,141.5078
11.9981,0,0,0,0,0.0000,0.0000,0.0000,0.0000,0.0000,0.0000,0.0000,0.0000,84.0000,1580.0000,2.0000,2,0.0000,0.0000,0.0000,511.9986,141.5078
12.9981,0,0,0,0,0.0000,0.0000,0.0000,0.0000,0.0000,0.0000,0.0000,0.0000,84.0000,1580.0000,2.0000,2,0.0000,0.0000,0.0000,513.9990,141.5078
13.9981,0,0,0,0,0.0000,0.0000,0.0000,0.0000,0.0000,0.0000,0.0000,0.0000,84.0000,1580.0000,2.0000,2,0.0000,0.0000,0.0000,513.0704,141.5078
14.9981,0,0,0,0,0.0000,0.0000,0.0000,0.0000,0.0000,0.0000,0.0000,0.0000,84.0000,1580.0000,2.0000,2,0.0000,0.0000,0.0000,511.4655,141.5078
15.9981,0,0,0,0,0.0000,0.0000,0.0000,0.0000,0.0000,0.0000,0.0000,0.0000,84.0000,1580.0000,2.0000,2,0.0000,0.0000,0.0000,509.9987,141.5078
16.9981,0,0,0,0,0.0000,0.0000,0.0000,0.0000,0.0000,0.0000,0.0000,0.0000,84.0000,1580.0000,2.0000,2,0.0000,0.0000,0.0000,509.4105,141.5078
17.9981,0,0,0,0,0.0000,0.0000,0.0000,0.0000,0.0000,0.0000,0.0000,0.0000,84.0000,1580.0000,2.0000,2,0.0000,0.0000,0.0000,508.2764,141.5078
18.9981,0,0,0,0,0.0000,0.0000,0.0000,0.0000,0.0000,0.0000,0.0000,0.0000,84.0000,1580.0000,2.0000,2,0.0000,0.0000,0.0000,507.7882,141.5078
19.9981,0,0,0,0,0.0000,0.0000,0.0000,0.0000,0.0000,0.0000,0.0000,0.0000,84.0000,1580.0000,2.0000,2,0.0000,0.0000,0.0000,507.8988,141.5078
20.9981,0,0,0,0,0.0000,0.0000,0.0000,0.0000,0.0000,0.0000,0.0000,0.0000,84.0000,1580.0000,2.0000,2,0.0000,0.0000,0.0000,507.7607,141.5078
21.9981,0,0,0,0,0.0000,0.0000,0.0000,0.0000,0.0000,0.0000,0.0000,0.0000,84.0000,1580.0000,2.0000,2,0.0000,0.0000,0.0000,507.0443,141.5078
22.9981,0,0,0,0,0.0000,0.0000,0.0000,0.0000,0.0000,0.0000,0.0000,0.0000,84.0000,1580.0000,2.0000,2,0.0000,0.0000,0.0000,506.7380,141.5078
23.9981,0,0,0,0,0.0000,0.0000,0.0000,0.0000,0.0000,0.0000,0.0000,0.0000,84.0000,1580.0000,2.0000,2,0.0000,0.0000,0.0000,506.4155,141.5078
24.9981,0,0,0,0,0.0000,0.0000,0.0000,0.0000,0.0000,0.0000,0.0000,0.0000,84.0000,1580.0000,2.0000,2,0.0000,0.0000,0.0000,505.7188,141.5078
25.9981,0,0,0,0,0.0000,0.0000,0.0000,0.0000,0.0000,0.0000,0.0000,0.0000,84.0000,1580.0000,2.0000,2,0.0000,0.0000,0.0000,505.0373,141.5078
26.9981,0,0,0,0,0.0000,0.0000,0.0000,0.0000,0.0000,0.0000,0.0000,0.0000,84.0000,1580.0000,2.0000,2,0.0000,0.0000,0.0000,506.1471,141.5078
27.9981,0,0,0,0,0.0000,0.0000,0.0000,0.0000,0.0000,0.0000,0.0000,0.0000,84.0000,1580.0000,2.0000,2,0.0000,0.0000,0.0000,505.6418,141.5078
28.9981,0,0,0,0,0.0000,0.0000,0.0000,0.0000,0.0000,0.0000,0.0000,0.0000,84.0000,1580.0000,2.0000,2,0.0000,0.0000,0.0000,505.1714,141.5078
1.9981,0,0,0,0,0.0000,0.0000,0.0000,0.0000,0.0000,0.0000,0.0000,0.0000,0.0000,-100.0000,1.0000,0,0.0000,0.0000,0.0000,510.9906,141.3516
2.9981,0,0,0,0,0.0000,0.0000,0.0000,0.0000,0.0000,0.0000,0.0000,0.0000,30.0000,500.0000,2.0000,2,0.0000,0.0000,0.0000,523.6685,141.5273
3.9981,0,0,0,0,0.0000,0.0000,0.0000,0.0000,0.0000,0.0000,0.0000,0.0000,74.0000,1380.0000,2.0000,2,0.0000,0.0000,0.0000,519.7495,141.5273
4.9981,0,0,0,0,0.0000,0.0000,0.0000,0.0000,0.0000,0.0000,0.0000,0.0000,114.0000,2180.0000,2.0000,2,0.0000,0.0000,0.0000,515.9981,141.5352
5.9981,0,0,0,0,0.0000,0.0000,0.0000,0.0000,0.0000,0.0000,0.0000,0.0000,154.0000,2980.0000,2.0000,2,0.0000,0.0000,0.0000,514.6647,141.5352
6.9981,0,0,0,0,0.0000,0.0000,0.0000,0.0000,0.0000,0.0000,0.0000,0.0000,164.0000,3180.0000,2.0000,2,0.0000,0.0000,0.0000,513.9981,141.5508
7.9981,0,0,0,0,0.0000,0.0000,0.0000,0.0000,0.0000,0.0000,0.0000,0.0000,164.0000,3180.0000,2.0000,2,0.0000,0.0000,0.0000,511.4978,141.5508
8.9981,0,0,0,0,0.0000,0.0000,0.0000,0.0000,0.0000,0.0000,0.0000,0.0000,164.0000,3180.0000,2.0000,2,0.0000,0.0000,0.0000,509.1086,141.5508
9.9981,0,0,0,0,0.0000,0.0000,0.0000,0.0000,0.0000,0.0000,0.0000,0.0000,164.0000,3180.0000,2.0000,2,0.0000,0.0000,0.0000,518.4996,141.5508
10.9981,0,0,0,0,0.0000,0.0000,0.0000,0.0000,0.0000,0.0000,0.0000,0.0000,164.0000,3180.0000,2.0000,2,0.0000,0.0000,0.0000,516.7266,141.5508
11.9981,0,0,0,0,0.0000,0.0000,0.0000,0.0000,0.0000,0.0000,0.0000,0.0000,164.0000,3180.0000,2.0000,2,0.0000,0.0000,0.0000,514.6657,141.5508
12.9981,0,0,0,0,0.0000,0.0000,0.0000,0.0000,0.0000,0.0000,0.0000,0.0000,164.0000,3180.0000,2.0000,2,0.0000,0.0000,0.0000,513.9221,141.5508
13.9981,0,0,0,0,0.0000,0.0000,0.0000,0.0000,0.0000,0.0000,0.0000,0.0000,164.0000,3180.0000,2.0000,2,0.0000,0.0000,0.0000,511.9988,141.5508
14.9981,0,0,0,0,0.0000,0.0000,0.0000,0.0000,0.0000,0.0000,0.0000,0.0000,164.0000,3180.0000,2.0000,2,0.0000,0.0000,0.0000,510.3320,141.5508
15.9981,0,0,0,0,0.0000,0.0000,0.0000,0.0000,0.0000,0.0000,0.0000,0.0000,164.0000,3180.0000,2.0000,2,0.0000,0.0000,0.0000,509.8112,141.5508
16.9981,0,0,0,0,0.0000,0.0000,0.0000,0.0000,0.0000,0.0000,0.0000,0.0000,164.0000,3180.0000,2.0000,2,0.0000,0.0000,0.0000,512.8815,141.5508
17.9981,0,0,0,0,0.0000,0.0000,0.0000,0.0000,0.0000,0.0000,0.0000,0.0000,164.0000,3180.0000,2.0000,2,0.0000,0.0000,0.0000,511.5546,141.5508
1.9981,0,0,0,0,0.0000,0.0000,0.0000,0.0000,0.0000,0.0000,0.0000,0.0000,0.0000,-100.0000,1.0000,0,0.0000,0.0000,0.0000,509.4891,141.3359
2.9981,0,0,0,0,0.0000,0.0000,0.0000,0.0000,0.0000,0.0000,0.0000,0.0000,30.0000,500.0000,2.0000,2,0.0000,0.0000,0.0000,528.0046,141.5156
3.9981,0,0,0,0,0.0000,0.0000,0.0000,0.0000,0.0000,0.0000,0.0000,0.0000,74.0000,1380.0000,2.0000,2,0.0000,0.0000,0.0000,526.0025,141.5156
4.9981,0,0,0,0,0.0000,0.0000,0.0000,0.0000,0.0000,0.0000,0.0000,0.0000,114.0000,2180.0000,2.0000,2,0.0000,0.0000,0.0000,520.3998,141.5195
5.9981,0,0,0,0,0.0000,0.0000,0.0000,0.0000,0.0000,0.0000,0.0000,0.0000,154.0000,2980.0000,2.0000,2,0.0000,0.0000,0.0000,515.8317,141.5234
6.9981,0,0,0,0,0.0000,0.0000,0.0000,0.0000,0.0000,0.0000,0.0000,0.0000,194.0000,3780.0000,2.0000,2,0.0000,0.0000,0.0000,515.5700,141.5312
7.9981,0,0,0,0,0.0000,0.0000,0.0000,0.0000,0.0000,0.0000,0.0000,0.0000,234.0000,4580.0000,2.0000,2,0.0000,0.0000,0.0000,513.4982,141.5312
8.9981,0,0,0,0,0.0000,0.0000,0.0000,0.0000,0.0000,0.0000,0.0000,0.0000,244.0000,4780.0000,2.0000,2,0.0000,0.0000,0.0000,514.4431,141.5312
9.9981,0,0,0,0,0.0000,0.0000,0.0000,0.0000,0.0000,0.0000,0.0000,0.0000,244.0000,4780.0000,2.0000,2,0.0000,0.0000,0.0000,519.3997,141.5312
10.9981,0,0,0,0,0.0000,0.0000,0.0000,0.0000,0.0000,0.0000,0.0000,0.0000,244.0000,4780.0000,2.0000,2,0.0000,0.0000,0.0000,518.9997,141.5312
1.9981,0,0,0,0,0.0000,0.0000,0.0000,0.0000,0.0000,0.0000,0.0000,0.0000,0.0000,-100.0000,1.0000,0,0.0000,0.0000,0.0000,506.9867,141.2734
2.9981,0,0,0,0,0.0000,0.0000,0.0000,0.0000,0.0000,0.0000,0.0000,0.0000,30.0000,500.0000,2.0000,2,0.0000,0.0000,0.0000,502.9886,141.4414
3.9981,0,0,0,0,0.0000,0.0000,0.0000,0.0000,0.0000,0.0000,0.0000,0.0000,74.0000,1380.0000,2.0000,2,0.0000,0.0000,0.0000,510.9953,141.4453
4.9981,0,0,0,0,0.0000,0.0000,0.0000,0.0000,0.0000,0.0000,0.0000,0.0000,114.0000,2180.0000,2.0000,2,0.0000,0.0000,0.0000,507.7950,141.4531
5.9981,0,0,0,0,0.0000,0.0000,0.0000,0.0000,0.0000,0.0000,0.0000,0.0000,154.0000,2980.0000,2.0000,2,0.0000,0.0000,0.0000,505.1617,141.4531
6.9981,0,0,0,0,0.0000,0.0000,0.0000,0.0000,0.0000,0.0000,0.0000,0.0000,194.0000,3780.0000,2.0000,2,0.0000,0.0000,0.0000,508.7110,141.4609
7.9981,0,0,0,0,0.0000,0.0000,0.0000,0.0000,0.0000,0.0000,0.0000,0.0000,234.0000,4580.0000,2.0000,2,0.0000,0.0000,0.0000,506.7466,141.4609
8.9981,0,0,0,0,0.0000,0.0000,0.0000,0.0000,0.0000,0.0000,0.0000,0.0000,274.0000,5380.0000,2.0000,2,0.0000,0.0000,0.0000,505.2189,141.4609
9.9981,0,0,0,0,0.0000,0.0000,0.0000,0.0000,0.0000,0.0000,0.0000,0.0000,314.0000,6180.0000,2.0000,2,0.0000,0.0000,0.0000,507.1974,141.4609
10.9981,0,0,0,0,0.0000,0.0000,0.0000,0.0000,0.0000,0.0000,0.0000,0.0000,324.0000,6380.0000,2.0000,2,0.0000,0.0000,0.0000,509.9981,141.4609
11.9981,0,0,0,0,0.0000,0.0000,0.0000,0.0000,0.0000,0.0000,0.0000,0.0000,324.0000,6380.0000,2.0000,2,0.0000,0.0000,0.0000,509.9149,141.4609
12.9981,0,0,0,0,0.0000,0.0000,0.0000,0.0000,0.0000,0.0000,0.0000,0.0000,324.0000,6380.0000,2.0000,2,0.0000,0.0000,0.0000,512.7680,141.4609
13.9981,0,0,0,0,0.0000,0.0000,0.0000,0.0000,0.0000,0.0000,0.0000,0.0000,324.0000,6380.0000,2.0000,2,0.0000,0.0000,0.0000,511.2844,141.4609
14.9981,0,0,0,0,0.0000,0.0000,0.0000,0.0000,0.0000,0.0000,0.0000,0.0000,324.0000,6380.0000,2.0000,2,0.0000,0.0000,0.0000,509.8653,141.4609
15.9981,0,0,0,0,0.0000,0.0000,0.0000,0.0000,0.0000,0.0000,0.0000,0.0000,324.0000,6380.0000,2.0000,2,0.0000,0.0000,0.0000,508.4360,141.4609
16.9981,0,0,0,0,0.0000,0.0000,0.0000,0.0000,0.0000,0.0000,0.0000,0.0000,324.0000,6380.0000,2.0000,2,0.0000,0.0000,0.0000,509.3516,141.4609
17.9981,0,0,0,0,0.0000,0.0000,0.0000,0.0000,0.0000,0.0000,0.0000,0.0000,324.0000,6380.0000,2.0000,2,0.0000,0.0000,0.0000,508.9987,141.4609
1.9981,0,0,0,0,0.0000,0.0000,0.0000,0.0000,0.0000,0.0000,0.0000,0.0000,0.0000,-100.0000,1.0000,0,0.0000,0.0000,0.0000,525.0040,141.2031
2.9981,0,0,0,0,0.0000,0.0000,0.0000,0.0000,0.0000,0.0000,0.0000,0.0000,0.0000,-100.0000,1.0000,0,0.5500,44.0000,0.0000,529.0052,141.3906
3.9981,0,0,0,0,0.0000,0.0000,0.0000,0.0000,0.0000,0.0000,0.0000,0.0000,0.0000,-100.0000,1.0000,0,1.9250,154.0000,0.0000,520.4998,141.3906
4.9981,0,0,0,0,0.0000,0.0000,0.0000,0.0000,0.0000,0.0000,0.0000,0.0000,0.0000,-100.0000,1.0000,0,3.5750,286.0000,0.0000,520.8000,141.3906
5.9981,0,0,0,0,0.0000,0.0000,0.0000,0.0000,0.0000,0.0000,0.0000,0.0000,0.0000,-100.0000,1.0000,0,5.2500,420.0000,0.0000,516.9988,141.3906
6.9981,0,0,0,0,0.0000,0.0000,0.0000,0.0000,0.0000,0.0000,0.0000,0.0000,0.0000,-100.0000,1.0000,0,6.9250,554.0000,0.0000,513.8552,141.3945
7.9981,0,0,0,0,0.0000,0.0000,0.0000,0.0000,0.0000,0.0000,0.0000,0.0000,0.0000,-100.0000,1.0000,0,8.5750,686.0000,0.0000,512.4980,141.3945
8.9981,0,0,0,0,0.0000,0.0000,0.0000,0.0000,0.0000,0.0000,0.0000,0.0000,0.0000,-100.0000,1.0000,0,10.2500,820.0000,0.0000,513.5540,141.3945
9.9981,0,0,0,0,0.0000,0.0000,0.0000,0.0000,0.0000,0.0000,0.0000,0.0000,0.0000,-100.0000,1.0000,0,11.9250,954.0000,0.0000,512.0983,141.3945
10.9981,0,0,0,0,0.0000,0.0000,0.0000,0.0000,0.0000,0.0000,0.0000,0.0000,0.0000,-100.0000,1.0000,0,13.5750,1086.0000,0.0000,511.9075,141.3945
11.9981,0,0,0,0,0.0000,0.0000,0.0000,0.0000,0.0000,0.0000,0.0000,0.0000,0.0000,-100.0000,1.0000,0,15.2500,1220.0000,0.0000,510.1650,141.3945
12.9981,0,0,0,0,0.0000,0.0000,0.0000,0.0000,0.0000,0.0000,0.0000,0.0000,0.0000,-100.0000,1.0000,0,16.9250,1354.0000,0.0000,508.7674,141.3945
13.9981,0,0,0,0,0.0000,0.0000,0.0000,0.0000,0.0000,0.0000,0.0000,0.0000,0.0000,-100.0000,1.0000,0,18.5750,1486.0000,0.0000,507.3553,141.3945
14.9981,0,0,0,0,0.0000,0.0000,0.0000,0.0000,0.0000,0.0000,0.0000,0.0000,0.0000,-100.0000,1.0000,0,20.2500,1620.0000,0.0000,507.7983,141.3945
15.9981,0,0,0,0,0.0000,0.0000,0.0000,0.0000,0.0000,0.0000,0.0000,0.0000,0.0000,-100.0000,1.0000,0,21.9250,1754.0000,0.0000,508.8736,141.3945
16.9981,0,0,0,0,0.0000,0.0000,0.0000,0.0000,0.0000,0.0000,0.0000,0.0000,0.0000,-100.0000,1.0000,0,23.5750,1886.0000,0.0000,508.1750,141.3945
17.9981,0,0,0,0,0.0000,0.0000,0.0000,0.0000,0.0000,0.0000,0.0000,0.0000,0.0000,-100.0000,1.0000,0,25.2500,2020.0000,0.0000,507.9986,141.3945
18.9981,0,0,0,0,0.0000,0.0000,0.0000,0.0000,0.0000,0.0000,0.0000,0.0000,0.0000,-100.0000,1.0000,0,26.9250,2154.0000,0.0000,507.5776,141.3945
19.9981,0,0,0,0,0.0000,0.0000,0.0000,0.0000,0.0000,0.0000,0.0000,0.0000,0.0000,-100.0000,1.0000,0,28.5750,2286.0000,0.0000,506.5486,141.3945
20.9981,0,0,0,0,0.0000,0.0000,0.0000,0.0000,0.0000,0.0000,0.0000,0.0000,0.0000,-100.0000,1.0000,0,30.2500,2420.0000,0.0000,506.1415,141.3945
21.9981,0,0,0,0,0.0000,0.0000,0.0000,0.0000,0.0000,0.0000,0.0000,0.0000,0.0000,-100.0000,1.0000,0,31.9250,2554.0000,0.0000,505.4532,141.3945
22.9981,0,0,0,0,0.0000,0.0000,0.0000,0.0000,0.0000,0.0000,0.0000,0.0000,0.0000,-100.0000,1.0000,0,33.5750,2686.0000,0.0000,505.9553,141.3945
23.9981,0,0,0,0,0.0000,0.0000,0.0000,0.0000,0.0000,0.0000,0.0000,0.0000,0.0000,-100.0000,1.0000,0,35.2500,2820.0000,0.0000,505.3321,141.3945
24.9981,0,0,0,0,0.0000,0.0000,0.0000,0.0000,0.0000,0.0000,0.0000,0.0000,0.0000,-100.0000,1.0000,0,36.9250,2954.0000,0.0000,505.1188,141.3945
25.9981,0,0,0,0,0.0000,0.0000,0.0000,0.0000,0.0000,0.0000,0.0000,0.0000,0.0000,-100.0000,1.0000,0,38.5750,3086.0000,0.0000,504.3449,141.3945
26.9981,0,0,0,0,0.0000,0.0000,0.0000,0.0000,0.0000,0.0000,0.0000,0.0000,0.0000,-100.0000,1.0000,0,40.2500,3220.0000,0.0000,503.6284,141.3945
27.9981,0,0,0,0,0.0000,0.0000,0.0000,0.0000,0.0000,0.0000,0.0000,0.0000,0.0000,-100.0000,1.0000,0,41.9250,3354.0000,0.0000,503.3917,141.3945
28.9981,0,0,0,0,0.0000,0.0000,0.0000,0.0000,0.0000,0.0000,0.0000,0.0000,0.0000,-100.0000,1.0000,0,43.5750,3486.0000,0.0000,503.8609,141.3945
29.9981,0,0,0,0,0.0000,0.0000,0.0000,0.0000,0.0000,0.0000,0.0000,0.0000,0.0000,-100.0000,1.0000,0,45.2500,3620.0000,0.0000,505.3657,141.3945
30.9981,0,0,0,0,0.0000,0.0000,0.0000,0.0000,0.0000,0.0000,0.0000,0.0000,0.0000,-100.0000,1.0000,0,46.9250,3754.0000,0.0000,505.2571,141.3945
31.9981,0,0,0,0,0.0000,0.0000,0.0000,0.0000,0.0000,0.0000,0.0000,0.0000,0.0000,-100.0000,1.0000,0,48.5750,3886.0000,0.0000,505.2803,141.3945
32.9981,0,0,0,0,0.0000,0.0000,0.0000,0.0000,0.0000,0.0000,0.0000,0.0000,0.0000,-100.0000,1.0000,0,50.2500,4020.0000,0.0000,504.6960,141.3945
33.9981,0,0,0,0,0.0000,0.0000,0.0000,0.0000,0.0000,0.0000,0.0000,0.0000,0.0000,-100.0000,1.0000,0,51.9250,4154.0000,0.0000,504.4697,141.3945
1.9981,0,0,0,0,0.0000,0.0000,0.0000,0.0000,0.0000,0.0000,0.0000,0.0000,0.0000,-100.0000,1.0000,0,0.0000,0.0000,0.0000,543.0213,141.2773
2.9981,0,0,0,0,0.0000,0.0000,0.0000,0.0000,0.0000,0.0000,0.0000,0.0000,0.0000,-100.0000,1.0000,0,0.5500,44.0000,0.0000,526.6704,141.4648
3.9981,0,0,0,0,0.0000,0.0000,0.0000,0.0000,0.0000,0.0000,0.0000,0.0000,0.0000,-100.0000,1.0000,0,1.9250,154.0000,0.0000,517.9986,141.4648
4.9981,0,0,0,0,0.0000,0.0000,0.0000,0.0000,0.0000,0.0000,0.0000,0.0000,0.0000,-100.0000,1.0000,0,4.1250,330.0000,0.0000,515.7981,141.4648
5.9981,0,0,0,0,0.0000,0.0000,0.0000,0.0000,0.0000,0.0000,0.0000,0.0000,0.0000,-100.0000,1.0000,0,7.1750,574.0000,0.0000,512.8308,141.4648
6.9981,0,0,0,0,0.0000,0.0000,0.0000,0.0000,0.0000,0.0000,0.0000,0.0000,0.0000,-100.0000,1.0000,0,10.5000,840.0000,0.0000,511.9976,141.4805
7.9981,0,0,0,0,0.0000,0.0000,0.0000,0.0000,0.0000,0.0000,0.0000,0.0000,0.0000,-100.0000,1.0000,0,13.8250,1106.0000,0.0000,515.2487,141.4805
8.9981,0,0,0,0,0.0000,0.0000,0.0000,0.0000,0.0000,0.0000,0.0000,0.0000,0.0000,-100.0000,1.0000,0,17.1750,1374.0000,0.0000,513.6651,141.4805
9.9981,0,0,0,0,0.0000,0.0000,0.0000,0.0000,0.0000,0.0000,0.0000,0.0000,0.0000,-100.0000,1.0000,0,20.5000,1640.0000,0.0000,515.8991,141.4805
10.9981,0,0,0,0,0.0000,0.0000,0.0000,0.0000,0.0000,0.0000,0.0000,0.0000,0.0000,-100.0000,1.0000,0,23.8250,1906.0000,0.0000,513.8170,141.4805
11.9981,0,0,0,0,0.0000,0.0000,0.0000,0.0000,0.0000,0.0000,0.0000,0.0000,0.0000,-100.0000,1.0000,0,27.1750,2174.0000,0.0000,513.3321,141.4805
12.9981,0,0,0,0,0.0000,0.0000,0.0000,0.0000,0.0000,0.0000,0.0000,0.0000,0.0000,-100.0000,1.0000,0,30.5000,2440.0000,0.0000,511.3832,141.4805
13.9981,0,0,0,0,0.0000,0.0000,0.0000,0.0000,0.0000,0.0000,0.0000,0.0000,0.0000,-100.0000,1.0000,0,33.8250,2706.0000,0.0000,511.8559,141.4805
14.9981,0,0,0,0,0.0000,0.0000,0.0000,0.0000,0.0000,0.0000,0.0000,0.0000,0.0000,-100.0000,1.0000,0,37.1750,2974.0000,0.0000,511.1988,141.4805
15.9981,0,0,0,0,0.0000,0.0000,0.0000,0.0000,0.0000,0.0000,0.0000,0.0000,0.0000,-100.0000,1.0000,0,40.5000,3240.0000,0.0000,509.9362,141.4805
16.9981,0,0,0,0,0.0000,0.0000,0.0000,0.0000,0.0000,0.0000,0.0000,0.0000,0.0000,-100.0000,1.0000,0,43.8250,3506.0000,0.0000,508.6457,141.4805
17.9981,0,0,0,0,0.0000,0.0000,0.0000,0.0000,0.0000,0.0000,0.0000,0.0000,0.0000,-100.0000,1.0000,0,47.1750,3774.0000,0.0000,508.0542,141.4805
18.9981,0,0,0,0,0.0000,0.0000,0.0000,0.0000,0.0000,0.0000,0.0000,0.0000,0.0000,-100.0000,1.0000,0,50.5000,4040.0000,0.0000,506.9986,141.4805
19.9981,0,0,0,0,0.0000,0.0000,0.0000,0.0000,0.0000,0.0000,0.0000,0.0000,0.0000,-100.0000,1.0000,0,53.8250,4306.0000,0.0000,506.6986,141.4805
20.9981,0,0,0,0,0.0000,0.0000,0.0000,0.0000,0.0000,0.0000,0.0000,0.0000,0.0000,-100.0000,1.0000,0,57.1750,4574.0000,0.0000,509.0942,141.4805
21.9981,0,0,0,0,0.0000,0.0000,0.0000,0.0000,0.0000,0.0000,0.0000,0.0000,0.0000,-100.0000,1.0000,0,60.5000,4840.0000,0.0000,508.6353,141.4805
22.9981,0,0,0,0,0.0000,0.0000,0.0000,0.0000,0.0000,0.0000,0.0000,0.0000,0.0000,-100.0000,1.0000,0,63.8250,5106.0000,0.0000,508.6077,141.4805
23.9981,0,0,0,0,0.0000,0.0000,0.0000,0.0000,0.0000,0.0000,0.0000,0.0000,0.0000,-100.0000,1.0000,0,67.1750,5374.0000,0.0000,507.8323,141.4805
1.9981,0,0,0,0,0.0000,0.0000,0.0000,0.0000,0.0000,0.0000,0.0000,0.0000,0.0000,-100.0000,1.0000,0,0.0000,0.0000,0.0000,534.5131,141.3555
2.9981,0,0,0,0,0.0000,0.0000,0.0000,0.0000,0.0000,0.0000,0.0000,0.0000,0.0000,-100.0000,1.0000,0,0.5500,44.0000,0.0000,522.6678,141.5352
3.9981,0,0,0,0,0.0000,0.0000,0.0000,0.0000,0.0000,0.0000,0.0000,0.0000,0.0000,-100.0000,1.0000,0,1.9250,154.0000,0.0000,515.2473,141.5352
4.9981,0,0,0,0,0.0000,0.0000,0.0000,0.0000,0.0000,0.0000,0.0000,0.0000,0.0000,-100.0000,1.0000,0,4.1250,330.0000,0.0000,510.9962,141.5352
5.9981,0,0,0,0,0.0000,0.0000,0.0000,0.0000,0.0000,0.0000,0.0000,0.0000,0.0000,-100.0000,1.0000,0,7.1750,574.0000,0.0000,513.6644,141.5352
6.9981,0,0,0,0,0.0000,0.0000,0.0000,0.0000,0.0000,0.0000,0.0000,0.0000,0.0000,-100.0000,1.0000,0,11.0500,884.0000,0.0000,510.5686,141.5469
7.9981,0,0,0,0,0.0000,0.0000,0.0000,0.0000,0.0000,0.0000,0.0000,0.0000,0.0000,-100.0000,1.0000,0,15.7500,1260.0000,0.0000,510.1224,141.5469
8.9981,0,0,0,0,0.0000,0.0000,0.0000,0.0000,0.0000,0.0000,0.0000,0.0000,0.0000,-100.0000,1.0000,0,20.7500,1660.0000,0.0000,515.1099,141.5469
9.9981,0,0,0,0,0.0000,0.0000,0.0000,0.0000,0.0000,0.0000,0.0000,0.0000,0.0000,-100.0000,1.0000,0,25.7500,2060.0000,0.0000,513.2986,141.5469
10.9981,0,0,0,0,0.0000,0.0000,0.0000,0.0000,0.0000,0.0000,0.0000,0.0000,0.0000,-100.0000,1.0000,0,30.7500,2460.0000,0.0000,515.0899,141.5469
11.9981,0,0,0,0,0.0000,0.0000,0.0000,0.0000,0.0000,0.0000,0.0000,0.0000,0.0000,-100.0000,1.0000,0,35.7500,2860.0000,0.0000,514.5823,141.5469
12.9981,0,0,0,0,0.0000,0.0000,0.0000,0.0000,0.0000,0.0000,0.0000,0.0000,0.0000,-100.0000,1.0000,0,40.7500,3260.0000,0.0000,512.9988,141.5469
13.9981,0,0,0,0,0.0000,0.0000,0.0000,0.0000,0.0000,0.0000,0.0000,0.0000,0.0000,-100.0000,1.0000,0,45.7500,3660.0000,0.0000,511.3558,141.5469
14.9981,0,0,0,0,0.0000,0.0000,0.0000,0.0000,0.0000,0.0000,0.0000,0.0000,0.0000,-100.0000,1.0000,0,50.7500,4060.0000,0.0000,514.3992,141.5469
15.9981,0,0,0,0,0.0000,0.0000,0.0000,0.0000,0.0000,0.0000,0.0000,0.0000,0.0000,-100.0000,1.0000,0,55.7500,4460.0000,0.0000,516.4995,141.5469
16.9981,0,0,0,0,0.0000,0.0000,0.0000,0.0000,0.0000,0.0000,0.0000,0.0000,0.0000,-100.0000,1.0000,0,60.7500,4860.0000,0.0000,515.0582,141.5469
17.9981,0,0,0,0,0.0000,0.0000,0.0000,0.0000,0.0000,0.0000,0.0000,0.0000,0.0000,-100.0000,1.0000,0,65.7500,5260.0000,0.0000,513.4992,141.5469
18.9981,0,0,0,0,0.0000,0.0000,0.0000,0.0000,0.0000,0.0000,0.0000,0.0000,0.0000,-100.0000,1.0000,0,70.7500,5660.0000,0.0000,512.8939,141.5469
19.9981,0,0,0,0,0.0000,0.0000,0.0000,0.0000,0.0000,0.0000,0.0000,0.0000,0.0000,-100.0000,1.0000,0,75.7500,6060.0000,0.0000,511.6991,141.5469
20.9981,0,0,0,0,0.0000,0.0000,0.0000,0.0000,0.0000,0.0000,0.0000,0.0000,0.0000,-100.0000,1.0000,0,80.7500,6460.0000,0.0000,511.8087,141.5469
21.9981,0,0,0,0,0.0000,0.0000,0.0000,0.0000,0.0000,0.0000,0.0000,0.0000,0.0000,-100.0000,1.0000,0,85.7500,6860.0000,0.0000,513.6357,141.5469
22.9981,0,0,0,0,0.0000,0.0000,0.0000,0.0000,0.0000,0.0000,0.0000,0.0000,0.0000,-100.0000,1.0000,0,90.7500,7260.0000,0.0000,513.2168,141.5469
23.9981,0,0,0,0,0.0000,0.0000,0.0000,0.0000,0.0000,0.0000,0.0000,0.0000,0.0000,-100.0000,1.0000,0,95.7500,7660.0000,0.0000,512.6243,141.5469
24.9981,0,0,0,0,0.0000,0.0000,0.0000,0.0000,0.0000,0.0000,0.0000,0.0000,0.0000,-100.0000,1.0000,0,100.7500,8060.0000,0.0000,512.4394,141.5469
25.9981,0,0,0,0,0.0000,0.0000,0.0000,0.0000,0.0000,0.0000,0.0000,0.0000,0.0000,-100.0000,1.0000,0,105.7500,8460.0000,0.0000,512.6148,141.5469
26.9981,0,0,0,0,0.0000,0.0000,0.0000,0.0000,0.0000,0.0000,0.0000,0.0000,0.0000,-100.0000,1.0000,0,110.7500,8860.0000,0.0000,511.6660,141.5469
27.9981,0,0,0,0,0.0000,0.0000,0.0000,0.0000,0.0000,0.0000,0.0000,0.0000,0.0000,-100.0000,1.0000,0,115.7500,9260.0000,0.0000,510.7493,141.5469
28.9981,0,0,0,0,0.0000,0.0000,0.0000,0.0000,0.0000,0.0000,0.0000,0.0000,0.0000,-100.0000,1.0000,0,120.7500,9660.0000,0.0000,512.3098,141.5469
29.9981,0,0,0,0,0.0000,0.0000,0.0000,0.0000,0.0000,0.0000,0.0000,0.0000,0.0000,-100.0000,1.0000,0,125.7500,10060.0000,0.0000,511.5661,141.5469
30.9981,0,0,0,0,0.0000,0.0000,0.0000,0.0000,0.0000,0.0000,0.0000,0.0000,0.0000,-100.0000,1.0000,0,130.7500,10460.0000,0.0000,510.7413,141.5469
31.9981,0,0,0,0,0.0000,0.0000,0.0000,0.0000,0.0000,0.0000,0.0000,0.0000,0.0000,-100.0000,1.0000,0,135.7500,10860.0000,0.0000,510.4994,141.5469
32.9981,0,0,0,0,0.0000,0.0000,0.0000,0.0000,0.0000,0.0000,0.0000,0.0000,0.0000,-100.0000,1.0000,0,140.7500,11260.0000,0.0000,509.9691,141.5469
33.9981,0,0,0,0,0.0000,0.0000,0.0000,0.0000,0.0000,0.0000,0.0000,0.0000,0.0000,-100.0000,1.0000,0,145.7500,11660.0000,0.0000,509.3523,141.5469
34.9981,0,0,0,0,0.0000,0.0000,0.0000,0.0000,0.0000,0.0000,0.0000,0.0000,0.0000,-100.0000,1.0000,0,150.7500,12060.0000,0.0000,509.4279,141.5469
35.9981,0,0,0,0,0.0000,0.0000,0.0000,0.0000,0.0000,0.0000,0.0000,0.0000,0.0000,-100.0000,1.0000,0,155.7500,12460.0000,0.0000,509.9716,141.5469
36.9981,0,0,0,0,0.0000,0.0000,0.0000,0.0000,0.0000,0.0000,0.0000,0.0000,0.0000,-100.0000,1.0000,0,160.7500,12860.0000,0.0000,509.4048,141.5469
37.9981,0,0,0,0,0.0000,0.0000,0.0000,0.0000,0.0000,0.0000,0.0000,0.0000,0.0000,-100.0000,1.0000,0,165.7500,13260.0000,0.0000,509.3415,141.5469
1.9981,0,0,0,0,0.0000,0.0000,0.0000,0.0000,0.0000,0.0000,0.0000,0.0000,0.0000,-100.0000,1.0000,0,0.0000,0.0000,0.0000,505.4853,141.3477
2.9981,0,0,0,0,0.0000,0.0000,0.0000,0.0000,0.0000,0.0000,0.0000,0.0000,0.0000,-100.0000,1.0000,0,0.5500,44.0000,0.0000,517.6646,141.5234
3.9981,0,0,0,0,0.0000,0.0000,0.0000,0.0000,0.0000,0.0000,0.0000,0.0000,0.0000,-100.0000,1.0000,0,1.9250,154.0000,0.0000,511.9958,141.5234
4.9981,0,0,0,0,0.0000,0.0000,0.0000,0.0000,0.0000,0.0000,0.0000,0.0000,0.0000,-100.0000,1.0000,0,4.1250,330.0000,0.0000,508.3952,141.5352
5.9981,0,0,0,0,0.0000,0.0000,0.0000,0.0000,0.0000,0.0000,0.0000,0.0000,0.0000,-100.0000,1.0000,0,7.1750,574.0000,0.0000,507.1623,141.5352
6.9981,0,0,0,0,0.0000,0.0000,0.0000,0.0000,0.0000,0.0000,0.0000,0.0000,0.0000,-100.0000,1.0000,0,11.0500,884.0000,0.0000,504.9957,141.5430
7.9981,0,0,0,0,0.0000,0.0000,0.0000,0.0000,0.0000,0.0000,0.0000,0.0000,0.0000,-100.0000,1.0000,0,15.7500,1260.0000,0.0000,503.6209,141.5430
8.9981,0,0,0,0,0.0000,0.0000,0.0000,0.0000,0.0000,0.0000,0.0000,0.0000,0.0000,-100.0000,1.0000,0,21.3000,1704.0000,0.0000,506.8859,141.5430
9.9981,0,0,0,0,0.0000,0.0000,0.0000,0.0000,0.0000,0.0000,0.0000,0.0000,0.0000,-100.0000,1.0000,0,27.6750,2214.0000,0.0000,509.7979,141.5430
10.9981,0,0,0,0,0.0000,0.0000,0.0000,0.0000,0.0000,0.0000,0.0000,0.0000,0.0000,-100.0000,1.0000,0,34.3250,2746.0000,0.0000,508.7252,141.5430
11.9981,0,0,0,0,0.0000,0.0000,0.0000,0.0000,0.0000,0.0000,0.0000,0.0000,0.0000,-100.0000,1.0000,0,41.0000,3280.0000,0.0000,509.2481,141.5430
12.9981,0,0,0,0,0.0000,0.0000,0.0000,0.0000,0.0000,0.0000,0.0000,0.0000,0.0000,-100.0000,1.0000,0,47.6750,3814.0000,0.0000,509.1521,141.5430
13.9981,0,0,0,0,0.0000,0.0000,0.0000,0.0000,0.0000,0.0000,0.0000,0.0000,0.0000,-100.0000,1.0000,0,54.3250,4346.0000,0.0000,507.6410,141.5430
14.9981,0,0,0,0,0.0000,0.0000,0.0000,0.0000,0.0000,0.0000,0.0000,0.0000,0.0000,-100.0000,1.0000,0,61.0000,4880.0000,0.0000,506.2648,141.5430
15.9981,0,0,0,0,0.0000,0.0000,0.0000,0.0000,0.0000,0.0000,0.0000,0.0000,0.0000,-100.0000,1.0000,0,67.6750,5414.0000,0.0000,507.4984,141.5430
16.9981,0,0,0,0,0.0000,0.0000,0.0000,0.0000,0.0000,0.0000,0.0000,0.0000,0.0000,-100.0000,1.0000,0,74.3250,5946.0000,0.0000,509.1163,141.5430
17.9981,0,0,0,0,0.0000,0.0000,0.0000,0.0000,0.0000,0.0000,0.0000,0.0000,0.0000,-100.0000,1.0000,0,81.0000,6480.0000,0.0000,508.2209,141.5430
18.9981,0,0,0,0,0.0000,0.0000,0.0000,0.0000,0.0000,0.0000,0.0000,0.0000,0.0000,-100.0000,1.0000,0,87.6750,7014.0000,0.0000,508.9988,141.5430
19.9981,0,0,0,0,0.0000,0.0000,0.0000,0.0000,0.0000,0.0000,0.0000,0.0000,0.0000,-100.0000,1.0000,0,94.3250,7546.0000,0.0000,508.1988,141.5430
20.9981,0,0,0,0,0.0000,0.0000,0.0000,0.0000,0.0000,0.0000,0.0000,0.0000,0.0000,-100.0000,1.0000,0,101.0000,8080.0000,0.0000,507.3321,141.5430
21.9981,0,0,0,0,0.0000,0.0000,0.0000,0.0000,0.0000,0.0000,0.0000,0.0000,0.0000,-100.0000,1.0000,0,107.6750,8614.0000,0.0000,506.9533,141.5430
1.9981,0,0,0,0,0.0000,0.0000,0.0000,0.0000,0.0000,0.0000,0.0000,0.0000,0.0000,-100.0000,1.0000,0,0.0000,0.0000,0.0000,524.0030,141.3047
2.9981,0,0,0,0,0.0000,0.0000,0.0000,0.0000,0.0000,0.0000,0.0000,0.0000,0.0000,-100.0000,1.0000,0,0.0000,0.0000,0.0000,513.6621,141.4883
3.9981,0,0,0,0,0.0000,0.0000,0.0000,0.0000,0.0000,0.0000,0.0000,0.0000,0.0000,-100.0000,1.0000,0,0.0000,0.0000,0.0000,508.4941,141.4883
4.9981,0,0,0,0,0.0000,0.0000,0.0000,0.0000,0.0000,0.0000,0.0000,0.0000,0.0000,-100.0000,1.0000,0,0.0000,0.0000,0.0000,508.5953,141.4961
5.9981,0,0,0,0,0.0000,0.0000,0.0000,0.0000,0.0000,0.0000,0.0000,0.0000,0.0000,-100.0000,1.0000,0,0.0000,0.0000,0.0000,511.3303,141.5000
6.9981,0,0,0,0,0.0000,0.0000,0.0000,0.0000,0.0000,0.0000,0.0000,0.0000,0.0000,-100.0000,1.0000,0,0.0000,0.0000,0.0000,508.9968,141.5000
7.9981,0,0,0,0,0.0000,0.0000,0.0000,0.0000,0.0000,0.0000,0.0000,0.0000,0.0000,-100.0000,1.0000,0,0.0000,0.0000,0.0000,509.4973,141.5000
8.9981,0,0,0,0,0.0000,0.0000,0.0000,0.0000,0.0000,0.0000,0.0000,0.0000,0.0000,-100.0000,1.0000,0,0.0000,0.0000,0.0000,507.7750,141.5000
9.9981,0,0,0,0,0.0000,0.0000,0.0000,0.0000,0.0000,0.0000,0.0000,0.0000,0.0000,-100.0000,1.0000,0,0.0000,0.0000,0.0000,506.3972,141.5000
10.9981,0,0,0,0,0.0000,0.0000,0.0000,0.0000,0.0000,0.0000,0.0000,0.0000,0.0000,-100.0000,1.0000,0,0.0000,0.0000,0.0000,507.3613,141.5000
11.9981,0,0,0,0,0.0000,0.0000,0.0000,0.0000,0.0000,0.0000,0.0000,0.0000,0.0000,-100.0000,1.0000,0,0.0000,0.0000,0.0000,508.4147,141.5000
12.9981,0,0,0,0,0.0000,0.0000,0.0000,0.0000,0.0000,0.0000,0.0000,0.0000,0.0000,-100.0000,1.0000,0,0.0000,0.0000,0.0000,510.6908,141.5000
13.9981,0,0,0,0,0.0000,0.0000,0.0000,0.0000,0.0000,0.0000,0.0000,0.0000,0.0000,-100.0000,1.0000,0,0.0000,0.0000,0.0000,510.1414,141.5000
14.9981,0,0,0,0,0.0000,0.0000,0.0000,0.0000,0.0000,0.0000,0.0000,0.0000,0.0000,-100.0000,1.0000,0,0.0000,0.0000,0.0000,509.7986,141.5000
15.9981,0,0,0,0,0.0000,0.0000,0.0000,0.0000,0.0000,0.0000,0.0000,0.0000,0.0000,-100.0000,1.0000,0,0.0000,0.0000,0.0000,508.4360,141.5000
16.9981,0,0,0,0,0.0000,0.0000,0.0000,0.0000,0.0000,0.0000,0.0000,0.0000,0.0000,-100.0000,1.0000,0,0.0000,0.0000,0.0000,507.1749,141.5000
17.9981,0,0,0,0,0.0000,0.0000,0.0000,0.0000,0.0000,0.0000,0.0000,0.0000,0.0000,-100.0000,1.0000,0,0.0000,0.0000,0.0000,506.7763,141.5000
18.9981,0,0,0,0,0.0000,0.0000,0.0000,0.0000,0.0000,0.0000,0.0000,0.0000,0.0000,-100.0000,1.0000,0,0.0000,0.0000,0.0000,508.1566,141.5000
19.9981,0,0,0,0,0.0000,0.0000,0.0000,0.0000,0.0000,0.0000,0.0000,0.0000,0.0000,-100.0000,1.0000,0,0.0000,0.0000,0.0000,507.5487,141.5000
20.9981,0,0,0,0,0.0000,0.0000,0.0000,0.0000,0.0000,0.0000,0.0000,0.0000,0.0000,-100.0000,1.0000,0,0.0000,0.0000,0.0000,507.2845,141.5000
21.9981,0,0,0,0,0.0000,0.0000,0.0000,0.0000,0.0000,0.0000,0.0000,0.0000,0.0000,-100.0000,1.0000,0,0.0000,0.0000,0.0000,506.3624,141.5000
22.9981,0,0,0,0,0.0000,0.0000,0.0000,0.0000,0.0000,0.0000,0.0000,0.0000,0.0000,-100.0000,1.0000,0,0.0000,0.0000,0.0000,505.4770,141.5000
1.9981,0,0,0,0,0.0000,0.0000,0.0000,0.0000,0.0000,0.0000,0.0000,0.0000,0.0000,-100.0000,1.0000,0,0.0000,0.0000,0.0000,515.9954,141.3242
2.9981,0,0,0,0,0.0000,0.0000,0.0000,0.0000,0.0000,0.0000,0.0000,0.0000,0.0000,-100.0000,1.0000,0,0.5500,44.0000,0.0000,522.3343,141.4961
3.9981,0,0,0,0,0.0000,0.0000,0.0000,0.0000,0.0000,0.0000,0.0000,0.0000,0.0000,-100.0000,1.0000,0,2.0250,162.0000,0.0000,517.4984,141.4961
4.9981,0,0,0,0,0.0000,0.0000,0.0000,0.0000,0.0000,0.0000,0.0000,0.0000,0.0000,-100.0000,1.0000,0,3.7500,300.0000,0.0000,515.7981,141.5078
5.9981,0,0,0,0,0.0000,0.0000,0.0000,0.0000,0.0000,0.0000,0.0000,0.0000,0.0000,-100.0000,1.0000,0,5.5000,440.0000,0.0000,512.1639,141.5078
6.9981,0,0,0,0,0.0000,0.0000,0.0000,0.0000,0.0000,0.0000,0.0000,0.0000,0.0000,-100.0000,1.0000,0,7.2750,582.0000,0.0000,509.5683,141.5078
7.9981,0,0,0,0,0.0000,0.0000,0.0000,0.0000,0.0000,0.0000,0.0000,0.0000,0.0000,-100.0000,1.0000,0,9.0000,720.0000,0.0000,510.8726,141.5078
8.9981,0,0,0,0,0.0000,0.0000,0.0000,0.0000,0.0000,0.0000,0.0000,0.0000,0.0000,-100.0000,1.0000,0,10.7500,860.0000,0.0000,512.9983,141.5078
9.9981,0,0,0,0,0.0000,0.0000,0.0000,0.0000,0.0000,0.0000,0.0000,0.0000,0.0000,-100.0000,1.0000,0,12.5250,1002.0000,0.0000,516.3991,141.5078
10.9981,0,0,0,0,0.0000,0.0000,0.0000,0.0000,0.0000,0.0000,0.0000,0.0000,0.0000,-100.0000,1.0000,0,14.2500,1140.0000,0.0000,515.7264,141.5078
11.9981,0,0,0,0,0.0000,0.0000,0.0000,0.0000,0.0000,0.0000,0.0000,0.0000,0.0000,-100.0000,1.0000,0,16.0000,1280.0000,0.0000,516.8327,141.5078
12.9981,0,0,0,0,0.0000,0.0000,0.0000,0.0000,0.0000,0.0000,0.0000,0.0000,0.0000,-100.0000,1.0000,0,17.7750,1422.0000,0.0000,515.8454,141.5078
13.9981,0,0,0,0,0.0000,0.0000,0.0000,0.0000,0.0000,0.0000,0.0000,0.0000,0.0000,-100.0000,1.0000,0,19.5000,1560.0000,0.0000,515.1421,141.5078
14.9981,0,0,0,0,0.0000,0.0000,0.0000,0.0000,0.0000,0.0000,0.0000,0.0000,0.0000,-100.0000,1.0000,0,21.2500,1700.0000,0.0000,513.3990,141.5078
15.9981,0,0,0,0,0.0000,0.0000,0.0000,0.0000,0.0000,0.0000,0.0000,0.0000,0.0000,-100.0000,1.0000,0,23.0250,1842.0000,0.0000,511.9989,141.5078
16.9981,0,0,0,0,0.0000,0.0000,0.0000,0.0000,0.0000,0.0000,0.0000,0.0000,0.0000,-100.0000,1.0000,0,24.7500,1980.0000,0.0000,514.1169,141.5078
17.9981,0,0,0,0,0.0000,0.0000,0.0000,0.0000,0.0000,0.0000,0.0000,0.0000,0.0000,-100.0000,1.0000,0,26.5000,2120.0000,0.0000,513.3325,141.5078
18.9981,0,0,0,0,0.0000,0.0000,0.0000,0.0000,0.0000,0.0000,0.0000,0.0000,0.0000,-100.0000,1.0000,0,28.2750,2262.0000,0.0000,511.9991,141.5078
19.9981,0,0,0,0,0.0000,0.0000,0.0000,0.0000,0.0000,0.0000,0.0000,0.0000,0.0000,-100.0000,1.0000,0,30.0000,2400.0000,0.0000,510.7990,141.5078
20.9981,0,0,0,0,0.0000,0.0000,0.0000,0.0000,0.0000,0.0000,0.0000,0.0000,0.0000,-100.0000,1.0000,0,31.7500,2540.0000,0.0000,510.6657,141.5078
21.9981,0,0,0,0,0.0000,0.0000,0.0000,0.0000,0.0000,0.0000,0.0000,0.0000,0.0000,-100.0000,1.0000,0,33.5250,2682.0000,0.0000,510.0900,141.5078
22.9981,0,0,0,0,0.0000,0.0000,0.0000,0.0000,0.0000,0.0000,0.0000,0.0000,0.0000,-100.0000,1.0000,0,35.2500,2820.0000,0.0000,509.4338,141.5078
23.9981,0,0,0,0,0.0000,0.0000,0.0000,0.0000,0.0000,0.0000,0.0000,0.0000,0.0000,-100.0000,1.0000,0,37.0000,2960.0000,0.0000,511.3326,141.5078
1.9981,0,0,0,0,0.0000,0.0000,0.0000,0.0000,0.0000,0.0000,0.0000,0.0000,0.0000,-100.0000,1.0000,0,0.0000,0.0000,0.0000,523.5026,141.3438
2.9981,0,0,0,0,0.0000,0.0000,0.0000,0.0000,0.0000,0.0000,0.0000,0.0000,0.0000,-100.0000,1.0000,0,0.5500,44.0000,0.0000,513.6621,141.5195
3.9981,0,0,0,0,0.0000,0.0000,0.0000,0.0000,0.0000,0.0000,0.0000,0.0000,0.0000,-100.0000,1.0000,0,2.0250,162.0000,0.0000,527.7533,141.5195
4.9981,0,0,0,0,0.0000,0.0000,0.0000,0.0000,0.0000,0.0000,0.0000,0.0000,0.0000,-100.0000,1.0000,0,4.3000,344.0000,0.0000,525.8019,141.5273
5.9981,0,0,0,0,0.0000,0.0000,0.0000,0.0000,0.0000,0.0000,0.0000,0.0000,0.0000,-100.0000,1.0000,0,7.4250,594.0000,0.0000,521.1668,141.5273
6.9981,0,0,0,0,0.0000,0.0000,0.0000,0.0000,0.0000,0.0000,0.0000,0.0000,0.0000,-100.0000,1.0000,0,10.8500,868.0000,0.0000,517.4276,141.5352
7.9981,0,0,0,0,0.0000,0.0000,0.0000,0.0000,0.0000,0.0000,0.0000,0.0000,0.0000,-100.0000,1.0000,0,14.2500,1140.0000,0.0000,516.7490,141.5352
8.9981,0,0,0,0,0.0000,0.0000,0.0000,0.0000,0.0000,0.0000,0.0000,0.0000,0.0000,-100.0000,1.0000,0,17.6750,1414.0000,0.0000,514.4431,141.5352
9.9981,0,0,0,0,0.0000,0.0000,0.0000,0.0000,0.0000,0.0000,0.0000,0.0000,0.0000,-100.0000,1.0000,0,21.1000,1688.0000,0.0000,514.0987,141.5352
10.9981,0,0,0,0,0.0000,0.0000,0.0000,0.0000,0.0000,0.0000,0.0000,0.0000,0.0000,-100.0000,1.0000,0,24.5000,1960.0000,0.0000,518.9997,141.5352
11.9981,0,0,0,0,0.0000,0.0000,0.0000,0.0000,0.0000,0.0000,0.0000,0.0000,0.0000,-100.0000,1.0000,0,27.9250,2234.0000,0.0000,517.1661,141.5352
12.9981,0,0,0,0,0.0000,0.0000,0.0000,0.0000,0.0000,0.0000,0.0000,0.0000,0.0000,-100.0000,1.0000,0,31.3500,2508.0000,0.0000,518.7689,141.5352
13.9981,0,0,0,0,0.0000,0.0000,0.0000,0.0000,0.0000,0.0000,0.0000,0.0000,0.0000,-100.0000,1.0000,0,34.7500,2780.0000,0.0000,517.5710,141.5352
14.9981,0,0,0,0,0.0000,0.0000,0.0000,0.0000,0.0000,0.0000,0.0000,0.0000,0.0000,-100.0000,1.0000,0,38.1750,3054.0000,0.0000,516.1994,141.5352
15.9981,0,0,0,0,0.0000,0.0000,0.0000,0.0000,0.0000,0.0000,0.0000,0.0000,0.0000,-100.0000,1.0000,0,41.6000,3328.0000,0.0000,514.8743,141.5352
16.9981,0,0,0,0,0.0000,0.0000,0.0000,0.0000,0.0000,0.0000,0.0000,0.0000,0.0000,-100.0000,1.0000,0,45.0000,3600.0000,0.0000,513.4698,141.5352
17.9981,0,0,0,0,0.0000,0.0000,0.0000,0.0000,0.0000,0.0000,0.0000,0.0000,0.0000,-100.0000,1.0000,0,48.4250,3874.0000,0.0000,515.1105,141.5352
18.9981,0,0,0,0,0.0000,0.0000,0.0000,0.0000,0.0000,0.0000,0.0000,0.0000,0.0000,-100.0000,1.0000,0,51.8500,4148.0000,0.0000,513.9993,141.5352
19.9981,0,0,0,0,0.0000,0.0000,0.0000,0.0000,0.0000,0.0000,0.0000,0.0000,0.0000,-100.0000,1.0000,0,55.2500,4420.0000,0.0000,512.6992,141.5352
20.9981,0,0,0,0,0.0000,0.0000,0.0000,0.0000,0.0000,0.0000,0.0000,0.0000,0.0000,-100.0000,1.0000,0,58.6750,4694.0000,0.0000,512.1421,141.5352
21.9981,0,0,0,0,0.0000,0.0000,0.0000,0.0000,0.0000,0.0000,0.0000,0.0000,0.0000,-100.0000,1.0000,0,62.1000,4968.0000,0.0000,511.1810,141.5352
22.9981,0,0,0,0,0.0000,0.0000,0.0000,0.0000,0.0000,0.0000,0.0000,0.0000,0.0000,-100.0000,1.0000,0,65.5000,5240.0000,0.0000,510.7818,141.5352
23.9981,0,0,0,0,0.0000,0.0000,0.0000,0.0000,0.0000,0.0000,0.0000,0.0000,0.0000,-100.0000,1.0000,0,68.9250,5514.0000,0.0000,511.2076,141.5352
24.9981,0,0,0,0,0.0000,0.0000,0.0000,0.0000,0.0000,0.0000,0.0000,0.0000,0.0000,-100.0000,1.0000,0,72.3500,5788.0000,0.0000,511.7193,141.5352
25.9981,0,0,0,0,0.0000,0.0000,0.0000,0.0000,0.0000,0.0000,0.0000,0.0000,0.0000,-100.0000,1.0000,0,75.7500,6060.0000,0.0000,510.8839,141.5352
26.9981,0,0,0,0,0.0000,0.0000,0.0000,0.0000,0.0000,0.0000,0.0000,0.0000,0.0000,-100.0000,1.0000,0,79.1750,6334.0000,0.0000,510.5919,141.5352
27.9981,0,0,0,0,0.0000,0.0000,0.0000,0.0000,0.0000,0.0000,0.0000,0.0000,0.0000,-100.0000,1.0000,0,82.6000,6608.0000,0.0000,510.2850,141.5352
28.9981,0,0,0,0,0.0000,0.0000,0.0000,0.0000,0.0000,0.0000,0.0000,0.0000,0.0000,-100.0000,1.0000,0,86.0000,6880.0000,0.0000,509.5165,141.5352
29.9981,0,0,0,0,0.0000,0.0000,0.0000,0.0000,0.0000,0.0000,0.0000,0.0000,0.0000,-100.0000,1.0000,0,89.4250,7154.0000,0.0000,508.8659,141.5352
30.9981,0,0,0,0,0.0000,0.0000,0.0000,0.0000,0.0000,0.0000,0.0000,0.0000,0.0000,-100.0000,1.0000,0,92.8500,7428.0000,0.0000,509.9025,141.5352
31.9981,0,0,0,0,0.0000,0.0000,0.0000,0.0000,0.0000,0.0000,0.0000,0.0000,0.0000,-100.0000,1.0000,0,96.2500,7700.0000,0.0000,509.6868,141.5352
32.9981,0,0,0,0,0.0000,0.0000,0.0000,0.0000,0.0000,0.0000,0.0000,0.0000,0.0000,-100.0000,1.0000,0,99.6750,7974.0000,0.0000,509.3024,141.5352
33.9981,0,0,0,0,0.0000,0.0000,0.0000,0.0000,0.0000,0.0000,0.0000,0.0000,0.0000,-100.0000,1.0000,0,103.1000,8248.0000,0.0000,509.8523,141.5352
34.9981,0,0,0,0,0.0000,0.0000,0.0000,0.0000,0.0000,0.0000,0.0000,0.0000,0.0000,-100.0000,1.0000,0,106.5000,8520.0000,0.0000,509.2279,141.5352
35.9981,0,0,0,0,0.0000,0.0000,0.0000,0.0000,0.0000,0.0000,0.0000,0.0000,0.0000,-100.0000,1.0000,0,109.9250,8794.0000,0.0000,508.6382,141.5352
36.9981,0,0,0,0,0.0000,0.0000,0.0000,0.0000,0.0000,0.0000,0.0000,0.0000,0.0000,-100.0000,1.0000,0,113.3500,9068.0000,0.0000,508.5129,141.5352
37.9981,0,0,0,0,0.0000,0.0000,0.0000,0.0000,0.0000,0.0000,0.0000,0.0000,0.0000,-100.0000,1.0000,0,116.7500,9340.0000,0.0000,509.4468,141.5352
38.9981,0,0,0,0,0.0000,0.0000,0.0000,0.0000,0.0000,0.0000,0.0000,0.0000,0.0000,-100.0000,1.0000,0,120.1750,9614.0000,0.0000,508.9481,141.5352
39.9981,0,0,0,0,0.0000,0.0000,0.0000,0.0000,0.0000,0.0000,0.0000,0.0000,0.0000,-100.0000,1.0000,0,123.6000,9888.0000,0.0000,508.8494,141.5352
40.9981,0,0,0,0,0.0000,0.0000,0.0000,0.0000,0.0000,0.0000,0.0000,0.0000,0.0000,-100.0000,1.0000,0,127.0000,10160.0000,0.0000,508.7799,141.5352
41.9981,0,0,0,0,0.0000,0.0000,0.0000,0.0000,0.0000,0.0000,0.0000,0.0000,0.0000,-100.0000,1.0000,0,130.4250,10434.0000,0.0000,508.6423,141.5352
42.9981,0,0,0,0,0.0000,0.0000,0.0000,0.0000,0.0000,0.0000,0.0000,0.0000,0.0000,-100.0000,1.0000,0,133.8500,10708.0000,0.0000,508.1855,141.5352
43.9981,0,0,0,0,0.0000,0.0000,0.0000,0.0000,0.0000,0.0000,0.0000,0.0000,0.0000,-100.0000,1.0000,0,137.2500,10980.0000,0.0000,508.5449,141.5352
44.9981,0,0,0,0,0.0000,0.0000,0.0000,0.0000,0.0000,0.0000,0.0000,0.0000,0.0000,-100.0000,1.0000,0,140.6750,11254.0000,0.0000,509.3106,141.5352
45.9981,0,0,0,0,0.0000,0.0000,0.0000,0.0000,0.0000,0.0000,0.0000,0.0000,0.0000,-100.0000,1.0000,0,144.1000,11528.0000,0.0000,509.0430,141.5352
1.9981,0,0,0,0,0.0000,0.0000,0.0000,0.0000,0.0000,0.0000,0.0000,0.0000,0.0000,-100.0000,1.0000,0,0.0000,0.0000,0.0000,507.9877,141.2344
2.9981,0,0,0,0,0.0000,0.0000,0.0000,0.0000,0.0000,0.0000,0.0000,0.0000,0.0000,-100.0000,1.0000,0,0.5500,44.0000,0.0000,510.3266,141.4141
3.9981,0,0,0,0,0.0000,0.0000,0.0000,0.0000,0.0000,0.0000,0.0000,0.0000,0.0000,-100.0000,1.0000,0,2.0250,162.0000,0.0000,509.9948,141.4141
4.9981,0,0,0,0,0.0000,0.0000,0.0000,0.0000,0.0000,0.0000,0.0000,0.0000,0.0000,-100.0000,1.0000,0,4.3000,344.0000,0.0000,509.7958,141.4219
5.9981,0,0,0,0,0.0000,0.0000,0.0000,0.0000,0.0000,0.0000,0.0000,0.0000,0.0000,-100.0000,1.0000,0,7.4250,594.0000,0.0000,508.6628,141.4219
6.9981,0,0,0,0,0.0000,0.0000,0.0000,0.0000,0.0000,0.0000,0.0000,0.0000,0.0000,-100.0000,1.0000,0,11.4000,912.0000,0.0000,513.5694,141.4336
7.9981,0,0,0,0,0.0000,0.0000,0.0000,0.0000,0.0000,0.0000,0.0000,0.0000,0.0000,-100.0000,1.0000,0,16.1750,1294.0000,0.0000,511.3727,141.4336
8.9981,0,0,0,0,0.0000,0.0000,0.0000,0.0000,0.0000,0.0000,0.0000,0.0000,0.0000,-100.0000,1.0000,0,21.2500,1700.0000,0.0000,509.4420,141.4336
9.9981,0,0,0,0,0.0000,0.0000,0.0000,0.0000,0.0000,0.0000,0.0000,0.0000,0.0000,-100.0000,1.0000,0,26.3500,2108.0000,0.0000,509.1978,141.4336
10.9981,0,0,0,0,0.0000,0.0000,0.0000,0.0000,0.0000,0.0000,0.0000,0.0000,0.0000,-100.0000,1.0000,0,31.4250,2514.0000,0.0000,512.5440,141.4336
11.9981,0,0,0,0,0.0000,0.0000,0.0000,0.0000,0.0000,0.0000,0.0000,0.0000,0.0000,-100.0000,1.0000,0,36.5000,2920.0000,0.0000,511.2485,141.4336
12.9981,0,0,0,0,0.0000,0.0000,0.0000,0.0000,0.0000,0.0000,0.0000,0.0000,0.0000,-100.0000,1.0000,0,41.6000,3328.0000,0.0000,512.8450,141.4336
13.9981,0,0,0,0,0.0000,0.0000,0.0000,0.0000,0.0000,0.0000,0.0000,0.0000,0.0000,-100.0000,1.0000,0,46.6750,3734.0000,0.0000,511.5702,141.4336
14.9981,0,0,0,0,0.0000,0.0000,0.0000,0.0000,0.0000,0.0000,0.0000,0.0000,0.0000,-100.0000,1.0000,0,51.7500,4140.0000,0.0000,509.7319,141.4336
15.9981,0,0,0,0,0.0000,0.0000,0.0000,0.0000,0.0000,0.0000,0.0000,0.0000,0.0000,-100.0000,1.0000,0,56.8500,4548.0000,0.0000,508.8111,141.4336
16.9981,0,0,0,0,0.0000,0.0000,0.0000,0.0000,0.0000,0.0000,0.0000,0.0000,0.0000,-100.0000,1.0000,0,61.9250,4954.0000,0.0000,508.9987,141.4336
17.9981,0,0,0,0,0.0000,0.0000,0.0000,0.0000,0.0000,0.0000,0.0000,0.0000,0.0000,-100.0000,1.0000,0,67.0000,5360.0000,0.0000,510.1655,141.4336
18.9981,0,0,0,0,0.0000,0.0000,0.0000,0.0000,0.0000,0.0000,0.0000,0.0000,0.0000,-100.0000,1.0000,0,72.1000,5768.0000,0.0000,509.2620,141.4336
19.9981,0,0,0,0,0.0000,0.0000,0.0000,0.0000,0.0000,0.0000,0.0000,0.0000,0.0000,-100.0000,1.0000,0,77.1750,6174.0000,0.0000,510.4990,141.4336
20.9981,0,0,0,0,0.0000,0.0000,0.0000,0.0000,0.0000,0.0000,0.0000,0.0000,0.0000,-100.0000,1.0000,0,82.2500,6580.0000,0.0000,509.5704,141.4336
21.9981,0,0,0,0,0.0000,0.0000,0.0000,0.0000,0.0000,0.0000,0.0000,0.0000,0.0000,-100.0000,1.0000,0,87.3500,6988.0000,0.0000,508.5898,141.4336
22.9981,0,0,0,0,0.0000,0.0000,0.0000,0.0000,0.0000,0.0000,0.0000,0.0000,0.0000,-100.0000,1.0000,0,92.4250,7394.0000,0.0000,508.9990,141.4336
23.9981,0,0,0,0,0.0000,0.0000,0.0000,0.0000,0.0000,0.0000,0.0000,0.0000,0.0000,-100.0000,1.0000,0,97.5000,7800.0000,0.0000,508.5824,141.4336
24.9981,0,0,0,0,0.0000,0.0000,0.0000,0.0000,0.0000,0.0000,0.0000,0.0000,0.0000,-100.0000,1.0000,0,102.6000,8208.0000,0.0000,510.3992,141.4336
25.9981,0,0,0,0,0.0000,0.0000,0.0000,0.0000,0.0000,0.0000,0.0000,0.0000,0.0000,-100.0000,1.0000,0,107.6750,8614.0000,0.0000,510.7685,141.4336
26.9981,0,0,0,0,0.0000,0.0000,0.0000,0.0000,0.0000,0.0000,0.0000,0.0000,0.0000,-100.0000,1.0000,0,112.7500,9020.0000,0.0000,509.9622,141.4336
27.9981,0,0,0,0,0.0000,0.0000,0.0000,0.0000,0.0000,0.0000,0.0000,0.0000,0.0000,-100.0000,1.0000,0,117.8500,9428.0000,0.0000,509.1063,141.4336
28.9981,0,0,0,0,0.0000,0.0000,0.0000,0.0000,0.0000,0.0000,0.0000,0.0000,0.0000,-100.0000,1.0000,0,122.9250,9834.0000,0.0000,508.3440,141.4336
29.9981,0,0,0,0,0.0000,0.0000,0.0000,0.0000,0.0000,0.0000,0.0000,0.0000,0.0000,-100.0000,1.0000,0,128.0000,10240.0000,0.0000,509.2326,141.4336
30.9981,0,0,0,0,0.0000,0.0000,0.0000,0.0000,0.0000,0.0000,0.0000,0.0000,0.0000,-100.0000,1.0000,0,133.1000,10648.0000,0.0000,509.4509,141.4336
31.9981,0,0,0,0,0.0000,0.0000,0.0000,0.0000,0.0000,0.0000,0.0000,0.0000,0.0000,-100.0000,1.0000,0,138.1750,11054.0000,0.0000,509.1555,141.4336
32.9981,0,0,0,0,0.0000,0.0000,0.0000,0.0000,0.0000,0.0000,0.0000,0.0000,0.0000,-100.0000,1.0000,0,143.2500,11460.0000,0.0000,509.2721,141.4336
33.9981,0,0,0,0,0.0000,0.0000,0.0000,0.0000,0.0000,0.0000,0.0000,0.0000,0.0000,-100.0000,1.0000,0,148.3500,11868.0000,0.0000,508.9405,141.4336
34.9981,0,0,0,0,0.0000,0.0000,0.0000,0.0000,0.0000,0.0000,0.0000,0.0000,0.0000,-100.0000,1.0000,0,153.4250,12274.0000,0.0000,508.3707,141.4336
35.9981,0,0,0,0,0.0000,0.0000,0.0000,0.0000,0.0000,0.0000,0.0000,0.0000,0.0000,-100.0000,1.0000,0,158.5000,12680.0000,0.0000,508.1660,141.4336
36.9981,0,0,0,0,0.0000,0.0000,0.0000,0.0000,0.0000,0.0000,0.0000,0.0000,0.0000,-100.0000,1.0000,0,163.6000,13088.0000,0.0000,507.6750,141.4336
1.9981,0,0,0,0,0.0000,0.0000,0.0000,0.0000,0.0000,0.0000,0.0000,0.0000,0.0000,-100.0000,1.0000,0,0.0000,0.0000,0.0000,528.0069,141.3477
2.9981,0,0,0,0,0.0000,0.0000,0.0000,0.0000,0.0000,0.0000,0.0000,0.0000,0.0000,-100.0000,1.0000,0,0.5500,44.0000,0.0000,515.9969,141.5156
3.9981,0,0,0,0,0.0000,0.0000,0.0000,0.0000,0.0000,0.0000,0.0000,0.0000,0.0000,-100.0000,1.0000,0,2.0250,162.0000,0.0000,510.2449,141.5195
4.9981,0,0,0,0,0.0000,0.0000,0.0000,0.0000,0.0000,0.0000,0.0000,0.0000,0.0000,-100.0000,1.0000,0,4.3000,344.0000,0.0000,511.7965,141.5195
5.9981,0,0,0,0,0.0000,0.0000,0.0000,0.0000,0.0000,0.0000,0.0000,0.0000,0.0000,-100.0000,1.0000,0,7.4250,594.0000,0.0000,509.1629,141.5312
6.9981,0,0,0,0,0.0000,0.0000,0.0000,0.0000,0.0000,0.0000,0.0000,0.0000,0.0000,-100.0000,1.0000,0,11.4000,912.0000,0.0000,510.9973,141.5352
7.9981,0,0,0,0,0.0000,0.0000,0.0000,0.0000,0.0000,0.0000,0.0000,0.0000,0.0000,-100.0000,1.0000,0,16.1750,1294.0000,0.0000,511.8728,141.5352
8.9981,0,0,0,0,0.0000,0.0000,0.0000,0.0000,0.0000,0.0000,0.0000,0.0000,0.0000,-100.0000,1.0000,0,21.8000,1744.0000,0.0000,514.2208,141.5352
9.9981,0,0,0,0,0.0000,0.0000,0.0000,0.0000,0.0000,0.0000,0.0000,0.0000,0.0000,-100.0000,1.0000,0,28.2750,2262.0000,0.0000,512.2984,141.5352
10.9981,0,0,0,0,0.0000,0.0000,0.0000,0.0000,0.0000,0.0000,0.0000,0.0000,0.0000,-100.0000,1.0000,0,35.0000,2800.0000,0.0000,511.7257,141.5352
11.9981,0,0,0,0,0.0000,0.0000,0.0000,0.0000,0.0000,0.0000,0.0000,0.0000,0.0000,-100.0000,1.0000,0,41.7500,3340.0000,0.0000,510.5817,141.5352
12.9981,0,0,0,0,0.0000,0.0000,0.0000,0.0000,0.0000,0.0000,0.0000,0.0000,0.0000,-100.0000,1.0000,0,48.5250,3882.0000,0.0000,512.2295,141.5352
13.9981,0,0,0,0,0.0000,0.0000,0.0000,0.0000,0.0000,0.0000,0.0000,0.0000,0.0000,-100.0000,1.0000,0,55.2500,4420.0000,0.0000,512.7846,141.5352
14.9981,0,0,0,0,0.0000,0.0000,0.0000,0.0000,0.0000,0.0000,0.0000,0.0000,0.0000,-100.0000,1.0000,0,62.0000,4960.0000,0.0000,511.4655,141.5352
15.9981,0,0,0,0,0.0000,0.0000,0.0000,0.0000,0.0000,0.0000,0.0000,0.0000,0.0000,-100.0000,1.0000,0,68.7750,5502.0000,0.0000,509.9987,141.5352
16.9981,0,0,0,0,0.0000,0.0000,0.0000,0.0000,0.0000,0.0000,0.0000,0.0000,0.0000,-100.0000,1.0000,0,75.5000,6040.0000,0.0000,508.9987,141.5352
17.9981,0,0,0,0,0.0000,0.0000,0.0000,0.0000,0.0000,0.0000,0.0000,0.0000,0.0000,-100.0000,1.0000,0,82.2500,6580.0000,0.0000,508.6654,141.5352
18.9981,0,0,0,0,0.0000,0.0000,0.0000,0.0000,0.0000,0.0000,0.0000,0.0000,0.0000,-100.0000,1.0000,0,89.0250,7122.0000,0.0000,508.4724,141.5352
19.9981,0,0,0,0,0.0000,0.0000,0.0000,0.0000,0.0000,0.0000,0.0000,0.0000,0.0000,-100.0000,1.0000,0,95.7500,7660.0000,0.0000,508.8488,141.5352
20.9981,0,0,0,0,0.0000,0.0000,0.0000,0.0000,0.0000,0.0000,0.0000,0.0000,0.0000,-100.0000,1.0000,0,102.5000,8200.0000,0.0000,508.5703,141.5352
21.9981,0,0,0,0,0.0000,0.0000,0.0000,0.0000,0.0000,0.0000,0.0000,0.0000,0.0000,-100.0000,1.0000,0,109.2750,8742.0000,0.0000,508.4535,141.5352
22.9981,0,0,0,0,0.0000,0.0000,0.0000,0.0000,0.0000,0.0000,0.0000,0.0000,0.0000,-100.0000,1.0000,0,116.0000,9280.0000,0.0000,507.6946,141.5352
23.9981,0,0,0,0,0.0000,0.0000,0.0000,0.0000,0.0000,0.0000,0.0000,0.0000,0.0000,-100.0000,1.0000,0,122.7500,9820.0000,0.0000,507.4989,141.5352
24.9981,0,0,0,0,0.0000,0.0000,0.0000,0.0000,0.0000,0.0000,0.0000,0.0000,0.0000,-100.0000,1.0000,0,129.5250,10362.0000,0.0000,506.7989,141.5352
25.9981,0,0,0,0,0.0000,0.0000,0.0000,0.0000,0.0000,0.0000,0.0000,0.0000,0.0000,-100.0000,1.0000,0,136.2500,10900.0000,0.0000,506.1528,141.5352
26.9981,0,0,0,0,0.0000,0.0000,0.0000,0.0000,0.0000,0.0000,0.0000,0.0000,0.0000,-100.0000,1.0000,0,143.0000,11440.0000,0.0000,506.8879,141.5352
