sim_time_s,flowmod_cumulative,flowmod_attack_cumulative,excess_rate_per_s
1.9981,0,0,0.0000
2.9981,300,0,0.0000
3.9981,600,0,0.0000
4.9981,900,0,0.0000
5.9981,1200,0,0.0000
6.9981,1500,0,0.0000
7.9981,1800,0,0.0000
8.9981,2100,0,0.0000
9.9981,2400,0,0.0000
10.9981,2700,0,0.0000
11.9981,3000,0,0.0000
12.9981,3300,0,0.0000
13.9981,3600,0,0.0000
14.9981,3900,0,0.0000
15.9981,4200,0,0.0000
16.9981,4500,0,0.0000
17.9981,4800,0,0.0000
18.9981,5100,0,0.0000
19.9981,5400,0,0.0000
20.9981,5700,0,0.0000
21.9981,6000,0,0.0000
22.9981,6300,0,0.0000
23.9981,6600,0,0.0000
24.9981,6900,0,0.0000
25.9981,7200,0,0.0000
26.9981,7500,0,0.0000
27.9981,7800,0,0.0000
28.9981,8100,0,0.0000
1.9981,0,0,0.0000
2.9981,600,0,0.0000
3.9981,1200,0,0.0000
4.9981,1800,0,0.0000
5.9981,2400,0,0.0000
6.9981,3000,0,0.0000
7.9981,3600,0,0.0000
8.9981,4200,0,0.0000
9.9981,4800,0,0.0000
10.9981,5400,0,0.0000
11.9981,6000,0,0.0000
12.9981,6600,0,0.0000
13.9981,7200,0,0.0000
14.9981,7800,0,0.0000
15.9981,8400,0,0.0000
16.9981,9000,0,0.0000
17.9981,9600,0,0.0000
18.9981,10200,0,0.0000
19.9981,10800,0,0.0000
20.9981,11400,0,0.0000
21.9981,12000,0,0.0000
22.9981,12600,0,0.0000
23.9981,13200,0,0.0000
24.9981,13800,0,0.0000
25.9981,14400,0,0.0000
26.9981,15000,0,0.0000
27.9981,15600,0,0.0000
28.9981,16200,0,0.0000
1.9981,0,0,0.0000
2.9981,900,0,0.0000
3.9981,1800,0,0.0000
4.9981,2700,0,0.0000
5.9981,3600,0,0.0000
6.9981,4500,0,0.0000
7.9981,5400,0,0.0000
8.9981,6300,0,0.0000
9.9981,7200,0,0.0000
10.9981,8100,0,0.0000
11.9981,9000,0,0.0000
12.9981,9900,0,0.0000
13.9981,10800,0,0.0000
14.9981,11700,0,0.0000
15.9981,12600,0,0.0000
16.9981,13500,0,0.0000
17.9981,14400,0,0.0000
18.9981,15300,0,0.0000
19.9981,16200,0,0.0000
20.9981,17100,0,0.0000
21.9981,18000,0,0.0000
22.9981,18900,0,0.0000
23.9981,19800,0,0.0000
24.9981,20700,0,0.0000
25.9981,21600,0,0.0000
26.9981,22500,0,0.0000
27.9981,23400,0,0.0000
28.9981,24300,0,0.0000
1.9981,0,0,0.0000
2.9981,1200,0,0.0000
3.9981,2400,0,0.0000
4.9981,3600,0,0.0000
5.9981,4800,0,0.0000
6.9981,6000,0,0.0000
7.9981,7200,0,0.0000
8.9981,8400,0,0.0000
9.9981,9600,0,0.0000
10.9981,10800,0,0.0000
11.9981,12000,0,0.0000
12.9981,13200,0,0.0000
13.9981,14400,0,0.0000
14.9981,15600,0,0.0000
15.9981,16800,0,0.0000
16.9981,18000,0,0.0000
17.9981,19200,0,0.0000
18.9981,20400,0,0.0000
19.9981,21600,0,0.0000
20.9981,22800,0,0.0000
21.9981,24000,0,0.0000
22.9981,25200,0,0.0000
23.9981,26400,0,0.0000
24.9981,27600,0,0.0000
25.9981,28800,0,0.0000
26.9981,30000,0,0.0000
27.9981,31200,0,0.0000
28.9981,32400,0,0.0000
1.9981,0,0,0.0000
2.9981,1500,0,0.0000
3.9981,3000,0,0.0000
4.9981,4500,0,0.0000
5.9981,6000,0,0.0000
6.9981,7500,0,0.0000
7.9981,9000,0,0.0000
8.9981,10500,0,0.0000
9.9981,12000,0,0.0000
10.9981,13500,0,0.0000
11.9981,15000,0,0.0000
12.9981,16500,0,0.0000
13.9981,18000,0,0.0000
14.9981,19500,0,0.0000
15.9981,21000,0,0.0000
16.9981,22500,0,0.0000
17.9981,24000,0,0.0000
18.9981,25500,0,0.0000
19.9981,27000,0,0.0000
20.9981,28500,0,0.0000
21.9981,30000,0,0.0000
22.9981,31500,0,0.0000
23.9981,33000,0,0.0000
24.9981,34500,0,0.0000
25.9981,36000,0,0.0000
26.9981,37500,0,0.0000
27.9981,39000,0,0.0000
28.9981,40500,0,0.0000
1.9981,0,0,0.0000
2.9981,1800,0,0.0000
3.9981,3600,0,0.0000
4.9981,5400,0,0.0000
5.9981,7200,0,0.0000
6.9981,9000,0,0.0000
7.9981,10800,0,0.0000
8.9981,12600,0,0.0000
9.9981,14400,0,0.0000
10.9981,16200,0,0.0000
11.9981,18000,0,0.0000
12.9981,19800,0,0.0000
13.9981,21600,0,0.0000
14.9981,23400,0,0.0000
15.9981,25200,0,0.0000
16.9981,27000,0,0.0000
17.9981,28800,0,0.0000
18.9981,30600,0,0.0000
19.9981,32400,0,0.0000
20.9981,34200,0,0.0000
21.9981,36000,0,0.0000
22.9981,37800,0,0.0000
23.9981,39600,0,0.0000
24.9981,41400,0,0.0000
25.9981,43200,0,0.0000
26.9981,45000,0,0.0000
27.9981,46800,0,0.0000
28.9981,48600,0,0.0000
1.9981,0,0,0.0000
2.9981,300,0,0.0000
3.9981,600,0,0.0000
4.9981,900,0,0.0000
5.9981,1200,0,0.0000
6.9981,1500,0,0.0000
7.9981,1800,0,0.0000
8.9981,2100,0,0.0000
9.9981,2400,0,0.0000
10.9981,2700,0,0.0000
11.9981,3000,0,0.0000
12.9981,3300,0,0.0000
13.9981,3600,0,0.0000
14.9981,3900,0,0.0000
15.9981,4200,0,0.0000
16.9981,4500,0,0.0000
17.9981,4800,0,0.0000
18.9981,5100,0,0.0000
19.9981,5400,0,0.0000
20.9981,5700,0,0.0000
21.9981,6000,0,0.0000
22.9981,6300,0,0.0000
23.9981,6600,0,0.0000
24.9981,6900,0,0.0000
25.9981,7200,0,0.0000
26.9981,7500,0,0.0000
27.9981,7800,0,0.0000
28.9981,8100,0,0.0000
1.9981,0,0,0.0000
2.9981,600,0,0.0000
3.9981,1200,0,0.0000
4.9981,1800,0,0.0000
5.9981,2400,0,0.0000
6.9981,3000,0,0.0000
7.9981,3600,0,0.0000
8.9981,4200,0,0.0000
9.9981,4800,0,0.0000
10.9981,5400,0,0.0000
11.9981,6000,0,0.0000
12.9981,6600,0,0.0000
13.9981,7200,0,0.0000
14.9981,7800,0,0.0000
15.9981,8400,0,0.0000
16.9981,9000,0,0.0000
17.9981,9600,0,0.0000
18.9981,10200,0,0.0000
19.9981,10800,0,0.0000
20.9981,11400,0,0.0000
21.9981,12000,0,0.0000
22.9981,12600,0,0.0000
23.9981,13200,0,0.0000
24.9981,13800,0,0.0000
25.9981,14400,0,0.0000
26.9981,15000,0,0.0000
27.9981,15600,0,0.0000
28.9981,16200,0,0.0000
1.9981,0,0,0.0000
2.9981,900,0,0.0000
3.9981,1800,0,0.0000
4.9981,2700,0,0.0000
5.9981,3600,0,0.0000
6.9981,4500,0,0.0000
7.9981,5400,0,0.0000
8.9981,6300,0,0.0000
9.9981,7200,0,0.0000
10.9981,8100,0,0.0000
11.9981,9000,0,0.0000
12.9981,9900,0,0.0000
13.9981,10800,0,0.0000
14.9981,11700,0,0.0000
15.9981,12600,0,0.0000
16.9981,13500,0,0.0000
17.9981,14400,0,0.0000
18.9981,15300,0,0.0000
19.9981,16200,0,0.0000
20.9981,17100,0,0.0000
21.9981,18000,0,0.0000
22.9981,18900,0,0.0000
23.9981,19800,0,0.0000
24.9981,20700,0,0.0000
25.9981,21600,0,0.0000
26.9981,22500,0,0.0000
27.9981,23400,0,0.0000
28.9981,24300,0,0.0000
1.9981,0,0,0.0000
2.9981,1200,0,0.0000
3.9981,2400,0,0.0000
4.9981,3600,0,0.0000
5.9981,4800,0,0.0000
6.9981,6000,0,0.0000
7.9981,7200,0,0.0000
8.9981,8400,0,0.0000
9.9981,9600,0,0.0000
10.9981,10800,0,0.0000
11.9981,12000,0,0.0000
12.9981,13200,0,0.0000
13.9981,14400,0,0.0000
14.9981,15600,0,0.0000
15.9981,16800,0,0.0000
16.9981,18000,0,0.0000
17.9981,19200,0,0.0000
18.9981,20400,0,0.0000
19.9981,21600,0,0.0000
20.9981,22800,0,0.0000
21.9981,24000,0,0.0000
22.9981,25200,0,0.0000
23.9981,26400,0,0.0000
24.9981,27600,0,0.0000
25.9981,28800,0,0.0000
26.9981,30000,0,0.0000
27.9981,31200,0,0.0000
28.9981,32400,0,0.0000
1.9981,0,0,0.0000
2.9981,1500,0,0.0000
3.9981,3000,0,0.0000
4.9981,4500,0,0.0000
5.9981,6000,0,0.0000
6.9981,7500,0,0.0000
7.9981,9000,0,0.0000
8.9981,10500,0,0.0000
9.9981,12000,0,0.0000
10.9981,13500,0,0.0000
11.9981,15000,0,0.0000
12.9981,16500,0,0.0000
13.9981,18000,0,0.0000
14.9981,19500,0,0.0000
15.9981,21000,0,0.0000
16.9981,22500,0,0.0000
17.9981,24000,0,0.0000
18.9981,25500,0,0.0000
19.9981,27000,0,0.0000
20.9981,28500,0,0.0000
21.9981,30000,0,0.0000
22.9981,31500,0,0.0000
23.9981,33000,0,0.0000
24.9981,34500,0,0.0000
25.9981,36000,0,0.0000
26.9981,37500,0,0.0000
27.9981,39000,0,0.0000
28.9981,40500,0,0.0000
1.9981,0,0,0.0000
2.9981,1800,0,0.0000
3.9981,3600,0,0.0000
4.9981,5400,0,0.0000
5.9981,7200,0,0.0000
6.9981,9000,0,0.0000
7.9981,10800,0,0.0000
8.9981,12600,0,0.0000
9.9981,14400,0,0.0000
10.9981,16200,0,0.0000
11.9981,18000,0,0.0000
12.9981,19800,0,0.0000
13.9981,21600,0,0.0000
14.9981,23400,0,0.0000
15.9981,25200,0,0.0000
16.9981,27000,0,0.0000
17.9981,28800,0,0.0000
18.9981,30600,0,0.0000
19.9981,32400,0,0.0000
20.9981,34200,0,0.0000
21.9981,36000,0,0.0000
22.9981,37800,0,0.0000
23.9981,39600,0,0.0000
24.9981,41400,0,0.0000
25.9981,43200,0,0.0000
26.9981,45000,0,0.0000
27.9981,46800,0,0.0000
28.9981,48600,0,0.0000
1.9981,0,0,0.0000
2.9981,300,0,0.0000
3.9981,610,0,0.0000
4.9981,920,0,0.0000
5.9981,1230,0,0.0000
6.9981,1540,0,0.0000
7.9981,1850,0,0.0000
8.9981,2160,0,0.0000
9.9981,2470,0,0.0000
10.9981,2780,0,0.0000
11.9981,3090,0,0.0000
12.9981,3400,0,0.0000
13.9981,3710,0,0.0000
14.9981,4020,0,0.0000
15.9981,4330,0,0.0000
16.9981,4640,0,0.0000
17.9981,4950,0,0.0000
18.9981,5260,0,0.0000
19.9981,5570,0,0.0000
20.9981,5880,0,0.0000
21.9981,6190,0,0.0000
22.9981,6500,0,0.0000
23.9981,6810,0,0.0000
24.9981,7120,0,0.0000
25.9981,7430,0,0.0000
26.9981,7740,0,0.0000
27.9981,8050,0,0.0000
28.9981,8360,0,0.0000
1.9981,0,0,0.0000
2.9981,600,0,0.0000
3.9981,1210,0,0.0000
4.9981,1820,0,0.0000
5.9981,2430,0,0.0000
6.9981,3040,0,0.0000
7.9981,3650,0,0.0000
8.9981,4260,0,0.0000
9.9981,4870,0,0.0000
10.9981,5480,0,0.0000
11.9981,6090,0,0.0000
12.9981,6700,0,0.0000
13.9981,7310,0,0.0000
14.9981,7920,0,0.0000
15.9981,8530,0,0.0000
16.9981,9140,0,0.0000
17.9981,9750,0,0.0000
18.9981,10360,0,0.0000
19.9981,10970,0,0.0000
20.9981,11580,0,0.0000
21.9981,12190,0,0.0000
22.9981,12800,0,0.0000
23.9981,13410,0,0.0000
24.9981,14020,0,0.0000
25.9981,14630,0,0.0000
26.9981,15240,0,0.0000
27.9981,15850,0,0.0000
28.9981,16460,0,0.0000
1.9981,0,0,0.0000
2.9981,900,0,0.0000
3.9981,1810,0,0.0000
4.9981,2720,0,0.0000
5.9981,3630,0,0.0000
6.9981,4540,0,0.0000
7.9981,5450,0,0.0000
8.9981,6360,0,0.0000
9.9981,7270,0,0.0000
10.9981,8180,0,0.0000
11.9981,9090,0,0.0000
12.9981,10000,0,0.0000
13.9981,10910,0,0.0000
14.9981,11820,0,0.0000
15.9981,12730,0,0.0000
16.9981,13640,0,0.0000
17.9981,14550,0,0.0000
18.9981,15460,0,0.0000
19.9981,16370,0,0.0000
20.9981,17280,0,0.0000
21.9981,18190,0,0.0000
22.9981,19100,0,0.0000
23.9981,20010,0,0.0000
24.9981,20920,0,0.0000
25.9981,21830,0,0.0000
26.9981,22740,0,0.0000
27.9981,23650,0,0.0000
28.9981,24560,0,0.0000
1.9981,0,0,0.0000
2.9981,1200,0,0.0000
3.9981,2410,0,0.0000
4.9981,3620,0,0.0000
5.9981,4830,0,0.0000
6.9981,6040,0,0.0000
7.9981,7250,0,0.0000
8.9981,8460,0,0.0000
9.9981,9670,0,0.0000
10.9981,10880,0,0.0000
11.9981,12090,0,0.0000
12.9981,13300,0,0.0000
13.9981,14510,0,0.0000
14.9981,15720,0,0.0000
15.9981,16930,0,0.0000
16.9981,18140,0,0.0000
17.9981,19350,0,0.0000
18.9981,20560,0,0.0000
19.9981,21770,0,0.0000
20.9981,22980,0,0.0000
21.9981,24190,0,0.0000
22.9981,25400,0,0.0000
23.9981,26610,0,0.0000
24.9981,27820,0,0.0000
25.9981,29030,0,0.0000
26.9981,30240,0,0.0000
27.9981,31450,0,0.0000
28.9981,32660,0,0.0000
1.9981,0,0,0.0000
2.9981,1500,0,0.0000
3.9981,3010,0,0.0000
4.9981,4520,0,0.0000
5.9981,6030,0,0.0000
6.9981,7540,0,0.0000
7.9981,9050,0,0.0000
8.9981,10560,0,0.0000
9.9981,12070,0,0.0000
10.9981,13580,0,0.0000
11.9981,15090,0,0.0000
12.9981,16600,0,0.0000
13.9981,18110,0,0.0000
14.9981,19620,0,0.0000
15.9981,21130,0,0.0000
16.9981,22640,0,0.0000
17.9981,24150,0,0.0000
18.9981,25660,0,0.0000
19.9981,27170,0,0.0000
20.9981,28680,0,0.0000
21.9981,30190,0,0.0000
22.9981,31700,0,0.0000
23.9981,33210,0,0.0000
24.9981,34720,0,0.0000
25.9981,36230,0,0.0000
26.9981,37740,0,0.0000
27.9981,39250,0,0.0000
28.9981,40760,0,0.0000
1.9981,0,0,0.0000
2.9981,1800,0,0.0000
3.9981,3610,0,0.0000
4.9981,5420,0,0.0000
5.9981,7230,0,0.0000
6.9981,9040,0,0.0000
7.9981,10850,0,0.0000
8.9981,12660,0,0.0000
9.9981,14470,0,0.0000
10.9981,16280,0,0.0000
11.9981,18090,0,0.0000
12.9981,19900,0,0.0000
13.9981,21710,0,0.0000
14.9981,23520,0,0.0000
15.9981,25330,0,0.0000
16.9981,27140,0,0.0000
17.9981,28950,0,0.0000
18.9981,30760,0,0.0000
19.9981,32570,0,0.0000
20.9981,34380,0,0.0000
21.9981,36190,0,0.0000
22.9981,38000,0,0.0000
23.9981,39810,0,0.0000
24.9981,41620,0,0.0000
25.9981,43430,0,0.0000
26.9981,45240,0,0.0000
27.9981,47050,0,0.0000
28.9981,48860,0,0.0000
1.9981,0,0,0.0000
2.9981,883,0,0.0000
3.9981,883,0,0.0000
4.9981,1709,0,0.0000
5.9981,1709,0,0.0000
6.9981,1709,0,0.0000
7.9981,2544,0,0.0000
8.9981,2544,0,0.0000
9.9981,3345,0,0.0000
10.9981,3345,0,0.0000
11.9981,3345,0,0.0000
12.9981,4149,0,0.0000
13.9981,4149,0,0.0000
14.9981,4977,0,0.0000
15.9981,4977,0,0.0000
16.9981,4977,0,0.0000
17.9981,5760,0,0.0000
18.9981,5760,0,0.0000
19.9981,6648,0,0.0000
20.9981,6648,0,0.0000
21.9981,6648,0,0.0000
22.9981,7479,0,0.0000
23.9981,7479,0,0.0000
24.9981,8293,0,0.0000
25.9981,8293,0,0.0000
26.9981,8293,0,0.0000
27.9981,9038,0,0.0000
28.9981,9038,0,0.0000
1.9981,0,0,0.0000
2.9981,1737,0,0.0000
3.9981,1737,0,0.0000
4.9981,3350,0,0.0000
5.9981,3350,0,0.0000
6.9981,3350,0,0.0000
7.9981,5011,0,0.0000
8.9981,5011,0,0.0000
9.9981,6590,0,0.0000
10.9981,6590,0,0.0000
11.9981,6590,0,0.0000
12.9981,8178,0,0.0000
13.9981,8178,0,0.0000
14.9981,9753,0,0.0000
15.9981,9753,0,0.0000
16.9981,9753,0,0.0000
17.9981,11355,0,0.0000
18.9981,11355,0,0.0000
19.9981,13020,0,0.0000
20.9981,13020,0,0.0000
21.9981,13020,0,0.0000
22.9981,14549,0,0.0000
23.9981,14549,0,0.0000
24.9981,16127,0,0.0000
25.9981,16127,0,0.0000
26.9981,16127,0,0.0000
27.9981,17660,0,0.0000
28.9981,17660,0,0.0000
1.9981,0,0,0.0000
2.9981,2594,0,0.0000
3.9981,2594,0,0.0000
4.9981,5044,0,0.0000
5.9981,5044,0,0.0000
6.9981,5044,0,0.0000
7.9981,7419,0,0.0000
8.9981,7419,0,0.0000
9.9981,9848,0,0.0000
10.9981,9848,0,0.0000
11.9981,9848,0,0.0000
12.9981,12173,0,0.0000
13.9981,12173,0,0.0000
14.9981,14576,0,0.0000
15.9981,14576,0,0.0000
16.9981,14576,0,0.0000
17.9981,16940,0,0.0000
18.9981,16940,0,0.0000
19.9981,19412,0,0.0000
20.9981,19412,0,0.0000
21.9981,19412,0,0.0000
22.9981,21708,0,0.0000
23.9981,21708,0,0.0000
24.9981,23997,0,0.0000
25.9981,23997,0,0.0000
26.9981,23997,0,0.0000
27.9981,26345,0,0.0000
28.9981,26345,0,0.0000
1.9981,0,0,0.0000
2.9981,3386,0,0.0000
3.9981,3386,0,0.0000
4.9981,6643,0,0.0000
5.9981,6643,0,0.0000
6.9981,6643,0,0.0000
7.9981,9972,0,0.0000
8.9981,9972,0,0.0000
9.9981,13177,0,0.0000
10.9981,13177,0,0.0000
11.9981,13177,0,0.0000
12.9981,16315,0,0.0000
13.9981,16315,0,0.0000
14.9981,19443,0,0.0000
15.9981,19443,0,0.0000
16.9981,19443,0,0.0000
17.9981,22525,0,0.0000
18.9981,22525,0,0.0000
19.9981,25716,0,0.0000
20.9981,25716,0,0.0000
21.9981,25716,0,0.0000
22.9981,28784,0,0.0000
23.9981,28784,0,0.0000
24.9981,31914,0,0.0000
25.9981,31914,0,0.0000
26.9981,31914,0,0.0000
27.9981,34991,0,0.0000
28.9981,34991,0,0.0000
1.9981,0,0,0.0000
2.9981,3947,0,0.0000
3.9981,3947,0,0.0000
4.9981,7811,0,0.0000
5.9981,7811,0,0.0000
6.9981,7811,0,0.0000
7.9981,11627,0,0.0000
8.9981,11627,0,0.0000
9.9981,15497,0,0.0000
10.9981,15497,0,0.0000
11.9981,15497,0,0.0000
12.9981,19091,0,0.0000
13.9981,19091,0,0.0000
14.9981,22780,0,0.0000
15.9981,22780,0,0.0000
16.9981,22780,0,0.0000
17.9981,26536,0,0.0000
18.9981,26536,0,0.0000
19.9981,30291,0,0.0000
20.9981,30291,0,0.0000
21.9981,30291,0,0.0000
22.9981,33990,0,0.0000
23.9981,33990,0,0.0000
24.9981,37519,0,0.0000
25.9981,37519,0,0.0000
26.9981,37519,0,0.0000
27.9981,41185,0,0.0000
28.9981,41185,0,0.0000
1.9981,0,0,0.0000
2.9981,4606,0,0.0000
3.9981,4606,0,0.0000
4.9981,9078,0,0.0000
5.9981,9078,0,0.0000
6.9981,9078,0,0.0000
7.9981,13539,0,0.0000
8.9981,13539,0,0.0000
9.9981,17932,0,0.0000
10.9981,17932,0,0.0000
11.9981,17932,0,0.0000
12.9981,22266,0,0.0000
13.9981,22266,0,0.0000
14.9981,26779,0,0.0000
15.9981,26779,0,0.0000
16.9981,26779,0,0.0000
17.9981,31226,0,0.0000
18.9981,31226,0,0.0000
19.9981,35645,0,0.0000
20.9981,35645,0,0.0000
21.9981,35645,0,0.0000
22.9981,39924,0,0.0000
23.9981,39924,0,0.0000
24.9981,44135,0,0.0000
25.9981,44135,0,0.0000
26.9981,44135,0,0.0000
27.9981,48342,0,0.0000
28.9981,48342,0,0.0000
1.9981,0,0,0.0000
2.9981,883,0,0.0000
3.9981,884,0,0.0000
4.9981,1727,0,0.0000
5.9981,1728,0,0.0000
6.9981,1728,0,0.0000
7.9981,2525,0,0.0000
8.9981,2526,0,0.0000
9.9981,3341,0,0.0000
10.9981,3342,0,0.0000
11.9981,3342,0,0.0000
12.9981,4100,0,0.0000
13.9981,4101,0,0.0000
14.9981,4913,0,0.0000
15.9981,4914,0,0.0000
16.9981,4914,0,0.0000
17.9981,5731,0,0.0000
18.9981,5732,0,0.0000
19.9981,6620,0,0.0000
20.9981,6621,0,0.0000
21.9981,6621,0,0.0000
22.9981,7460,0,0.0000
23.9981,7461,0,0.0000
24.9981,8222,0,0.0000
25.9981,8223,0,0.0000
26.9981,8223,0,0.0000
27.9981,9042,0,0.0000
28.9981,9043,0,0.0000
1.9981,0,0,0.0000
2.9981,1737,0,0.0000
3.9981,1738,0,0.0000
4.9981,3360,0,0.0000
5.9981,3361,0,0.0000
6.9981,3361,0,0.0000
7.9981,5005,0,0.0000
8.9981,5006,0,0.0000
9.9981,6611,0,0.0000
10.9981,6612,0,0.0000
11.9981,6612,0,0.0000
12.9981,8168,0,0.0000
13.9981,8169,0,0.0000
14.9981,9752,0,0.0000
15.9981,9753,0,0.0000
16.9981,9753,0,0.0000
17.9981,11359,0,0.0000
18.9981,11360,0,0.0000
19.9981,13025,0,0.0000
20.9981,13026,0,0.0000
21.9981,13026,0,0.0000
22.9981,14582,0,0.0000
23.9981,14583,0,0.0000
24.9981,16156,0,0.0000
25.9981,16157,0,0.0000
26.9981,16157,0,0.0000
27.9981,17730,0,0.0000
28.9981,17731,0,0.0000
1.9981,0,0,0.0000
2.9981,2594,0,0.0000
3.9981,2595,0,0.0000
4.9981,5165,0,0.0000
5.9981,5166,0,0.0000
6.9981,5166,0,0.0000
7.9981,7708,0,0.0000
8.9981,7709,0,0.0000
9.9981,10206,0,0.0000
10.9981,10207,0,0.0000
11.9981,10207,0,0.0000
12.9981,12631,0,0.0000
13.9981,12632,0,0.0000
14.9981,15131,0,0.0000
15.9981,15132,0,0.0000
16.9981,15132,0,0.0000
17.9981,17620,0,0.0000
18.9981,17621,0,0.0000
19.9981,20093,0,0.0000
20.9981,20094,0,0.0000
21.9981,20094,0,0.0000
22.9981,22560,0,0.0000
23.9981,22561,0,0.0000
24.9981,25009,0,0.0000
25.9981,25010,0,0.0000
26.9981,25010,0,0.0000
27.9981,27428,0,0.0000
28.9981,27429,0,0.0000
1.9981,0,0,0.0000
2.9981,3386,0,0.0000
3.9981,3387,0,0.0000
4.9981,6717,0,0.0000
5.9981,6718,0,0.0000
6.9981,6718,0,0.0000
7.9981,10046,0,0.0000
8.9981,10047,0,0.0000
9.9981,13216,0,0.0000
10.9981,13217,0,0.0000
11.9981,13217,0,0.0000
12.9981,16267,0,0.0000
13.9981,16268,0,0.0000
14.9981,19447,0,0.0000
15.9981,19448,0,0.0000
16.9981,19448,0,0.0000
17.9981,22560,0,0.0000
18.9981,22561,0,0.0000
19.9981,25752,0,0.0000
20.9981,25753,0,0.0000
21.9981,25753,0,0.0000
22.9981,28907,0,0.0000
23.9981,28908,0,0.0000
24.9981,32037,0,0.0000
25.9981,32038,0,0.0000
26.9981,32038,0,0.0000
27.9981,34992,0,0.0000
28.9981,34993,0,0.0000
1.9981,0,0,0.0000
2.9981,3947,0,0.0000
3.9981,3948,0,0.0000
4.9981,7832,0,0.0000
5.9981,7833,0,0.0000
6.9981,7833,0,0.0000
7.9981,11633,0,0.0000
8.9981,11634,0,0.0000
9.9981,15335,0,0.0000
10.9981,15336,0,0.0000
11.9981,15336,0,0.0000
12.9981,19097,0,0.0000
13.9981,19098,0,0.0000
14.9981,22797,0,0.0000
15.9981,22798,0,0.0000
16.9981,22798,0,0.0000
17.9981,26524,0,0.0000
18.9981,26525,0,0.0000
19.9981,30280,0,0.0000
20.9981,30281,0,0.0000
21.9981,30281,0,0.0000
22.9981,34001,0,0.0000
23.9981,34002,0,0.0000
24.9981,37560,0,0.0000
25.9981,37561,0,0.0000
26.9981,37561,0,0.0000
27.9981,41113,0,0.0000
28.9981,41114,0,0.0000
1.9981,0,0,0.0000
2.9981,4606,0,0.0000
3.9981,4607,0,0.0000
4.9981,9201,0,0.0000
5.9981,9202,0,0.0000
6.9981,9202,0,0.0000
7.9981,13673,0,0.0000
8.9981,13674,0,0.0000
9.9981,18180,0,0.0000
10.9981,18181,0,0.0000
11.9981,18181,0,0.0000
12.9981,22444,0,0.0000
13.9981,22445,0,0.0000
14.9981,26945,0,0.0000
15.9981,26946,0,0.0000
16.9981,26946,0,0.0000
17.9981,31245,0,0.0000
18.9981,31246,0,0.0000
19.9981,35665,0,0.0000
20.9981,35666,0,0.0000
21.9981,35666,0,0.0000
22.9981,39949,0,0.0000
23.9981,39950,0,0.0000
24.9981,44161,0,0.0000
25.9981,44162,0,0.0000
26.9981,44162,0,0.0000
27.9981,48462,0,0.0000
28.9981,48463,0,0.0000
1.9981,0,0,0.0000
2.9981,120,120,40.0256
3.9981,210,210,52.5252
4.9981,300,300,60.0230
5.9981,420,420,70.0224
6.9981,510,510,72.8771
7.9981,600,600,75.0180
8.9981,720,720,80.0171
9.9981,810,810,81.0156
10.9981,900,900,81.8325
11.9981,1020,1020,85.0136
12.9981,1110,1110,85.3972
13.9981,1200,1200,85.7260
14.9981,1320,1320,88.0113
15.9981,1410,1410,88.1356
16.9981,1500,1500,88.2453
17.9981,1620,1620,90.0096
18.9981,1710,1710,90.0091
19.9981,1800,1800,90.0086
20.9981,1920,1920,91.4369
21.9981,2010,2010,91.3716
22.9981,2100,2100,91.3120
23.9981,2220,2220,92.5074
24.9981,2310,2310,92.4071
25.9981,2400,2400,92.3145
26.9981,2520,2520,93.3400
27.9981,2610,2610,93.2207
28.9981,2700,2700,93.1096
1.9981,0,0,0.0000
2.9981,240,240,80.0512
3.9981,420,420,105.0504
4.9981,600,600,120.0461
5.9981,840,840,140.0448
6.9981,1020,1020,145.7543
7.9981,1200,1200,150.0360
8.9981,1440,1440,160.0341
9.9981,1620,1620,162.0311
10.9981,1800,1800,163.6649
11.9981,2040,2040,170.0272
12.9981,2220,2220,170.7945
13.9981,2400,2400,171.4521
14.9981,2640,2640,176.0225
15.9981,2820,2820,176.2712
16.9981,3000,3000,176.4905
17.9981,3240,3240,180.0192
18.9981,3420,3420,180.0182
19.9981,3600,3600,180.0173
20.9981,3840,3840,182.8739
21.9981,4020,4020,182.7432
22.9981,4200,4200,182.6239
23.9981,4440,4440,185.0148
24.9981,4620,4620,184.8142
25.9981,4800,4800,184.6290
26.9981,5040,5040,186.6799
27.9981,5220,5220,186.4414
28.9981,5400,5400,186.2192
1.9981,0,0,0.0000
2.9981,360,360,120.0768
3.9981,630,630,157.5756
4.9981,900,900,180.0691
5.9981,1260,1260,210.0672
6.9981,1530,1530,218.6314
7.9981,1800,1800,225.0540
8.9981,2160,2160,240.0512
9.9981,2430,2430,243.0467
10.9981,2700,2700,245.4974
11.9981,3060,3060,255.0408
12.9981,3330,3330,256.1917
13.9981,3600,3600,257.1781
14.9981,3960,3960,264.0338
15.9981,4230,4230,264.4067
16.9981,4500,4500,264.7358
17.9981,4860,4860,270.0288
18.9981,5130,5130,270.0273
19.9981,5400,5400,270.0259
20.9981,5760,5760,274.3108
21.9981,6030,6030,274.1148
22.9981,6300,6300,273.9359
23.9981,6660,6660,277.5222
24.9981,6930,6930,277.2213
25.9981,7200,7200,276.9435
26.9981,7560,7560,280.0199
27.9981,7830,7830,279.6620
28.9981,8100,8100,279.3288
1.9981,0,0,0.0000
2.9981,480,480,160.1025
3.9981,840,840,210.1008
4.9981,1200,1200,240.0922
5.9981,1680,1680,280.0896
6.9981,2040,2040,291.5085
7.9981,2400,2400,300.0720
8.9981,2880,2880,320.0683
9.9981,3240,3240,324.0622
10.9981,3600,3600,327.3299
11.9981,4080,4080,340.0544
12.9981,4440,4440,341.5889
13.9981,4800,4800,342.9042
14.9981,5280,5280,352.0451
15.9981,5640,5640,352.5423
16.9981,6000,6000,352.9810
17.9981,6480,6480,360.0384
18.9981,6840,6840,360.0364
19.9981,7200,7200,360.0346
20.9981,7680,7680,365.7477
21.9981,8040,8040,365.4864
22.9981,8400,8400,365.2479
23.9981,8880,8880,370.0296
24.9981,9240,9240,369.6284
25.9981,9600,9600,369.2580
26.9981,10080,10080,373.3599
27.9981,10440,10440,372.8827
28.9981,10800,10800,372.4385
1.9981,0,0,0.0000
2.9981,600,600,200.1281
3.9981,1050,1050,262.6261
4.9981,1500,1500,300.1152
5.9981,2100,2100,350.1120
6.9981,2550,2550,364.3857
7.9981,3000,3000,375.0900
8.9981,3600,3600,400.0854
9.9981,4050,4050,405.0778
10.9981,4500,4500,409.1623
11.9981,5100,5100,425.0680
12.9981,5550,5550,426.9861
13.9981,6000,6000,428.6302
14.9981,6600,6600,440.0563
15.9981,7050,7050,440.6779
16.9981,7500,7500,441.2263
17.9981,8100,8100,450.0480
18.9981,8550,8550,450.0455
19.9981,9000,9000,450.0432
20.9981,9600,9600,457.1847
21.9981,10050,10050,456.8581
22.9981,10500,10500,456.5599
23.9981,11100,11100,462.5370
24.9981,11550,11550,462.0355
25.9981,12000,12000,461.5725
26.9981,12600,12600,466.6999
27.9981,13050,13050,466.1034
28.9981,13500,13500,465.5481
1.9981,0,0,0.0000
2.9981,720,720,240.1537
3.9981,1260,1260,315.1513
4.9981,1800,1800,360.1383
5.9981,2520,2520,420.1344
6.9981,3060,3060,437.2628
7.9981,3600,3600,450.1080
8.9981,4320,4320,480.1024
9.9981,4860,4860,486.0933
10.9981,5400,5400,490.9948
11.9981,6120,6120,510.0816
12.9981,6660,6660,512.3834
13.9981,7200,7200,514.3563
14.9981,7920,7920,528.0676
15.9981,8460,8460,528.8135
16.9981,9000,9000,529.4716
17.9981,9720,9720,540.0576
18.9981,10260,10260,540.0546
19.9981,10800,10800,540.0518
20.9981,11520,11520,548.6216
21.9981,12060,12060,548.2297
22.9981,12600,12600,547.8718
23.9981,13320,13320,555.0444
24.9981,13860,13860,554.4426
25.9981,14400,14400,553.8871
26.9981,15120,15120,560.0398
27.9981,15660,15660,559.3241
28.9981,16200,16200,558.6577
1.9981,0,0,0.0000
2.9981,120,120,40.0256
3.9981,214,214,53.5257
4.9981,307,307,61.4236
5.9981,430,430,71.6896
6.9981,524,524,74.8777
7.9981,617,617,77.1435
8.9981,740,740,82.2398
9.9981,834,834,83.4160
10.9981,927,927,84.2874
11.9981,1050,1050,87.5140
12.9981,1144,1144,88.0130
13.9981,1237,1237,88.3693
14.9981,1360,1360,90.6783
15.9981,1454,1454,90.8859
16.9981,1547,1547,91.0103
17.9981,1670,1670,92.7877
18.9981,1764,1764,92.8515
19.9981,1857,1857,92.8589
20.9981,1980,1980,94.2943
21.9981,2074,2074,94.2810
22.9981,2167,2167,94.2253
23.9981,2290,2290,95.4243
24.9981,2384,2384,95.3673
25.9981,2477,2477,95.2763
26.9981,2600,2600,96.3031
27.9981,2694,2694,96.2209
28.9981,2787,2787,96.1098
1.9981,0,0,0.0000
2.9981,240,240,80.0512
3.9981,424,424,106.0509
4.9981,607,607,121.4466
5.9981,850,850,141.7120
6.9981,1034,1034,147.7548
7.9981,1217,1217,152.1615
8.9981,1460,1460,162.2568
9.9981,1644,1644,164.4316
10.9981,1827,1827,166.1199
11.9981,2070,2070,172.5276
12.9981,2254,2254,173.4102
13.9981,2437,2437,174.0953
14.9981,2680,2680,178.6895
15.9981,2864,2864,179.0215
16.9981,3047,3047,179.2555
17.9981,3290,3290,182.7973
18.9981,3474,3474,182.8606
19.9981,3657,3657,182.8676
20.9981,3900,3900,185.7313
21.9981,4084,4084,185.6526
22.9981,4267,4267,185.5372
23.9981,4510,4510,187.9317
24.9981,4694,4694,187.7744
25.9981,4877,4877,187.5908
26.9981,5120,5120,189.6431
27.9981,5304,5304,189.4416
28.9981,5487,5487,189.2194
1.9981,0,0,0.0000
2.9981,360,360,120.0768
3.9981,634,634,158.5761
4.9981,907,907,181.4697
5.9981,1270,1270,211.7344
6.9981,1544,1544,220.6319
7.9981,1817,1817,227.1795
8.9981,2180,2180,242.2739
9.9981,2454,2454,245.4471
10.9981,2727,2727,247.9524
11.9981,3090,3090,257.5412
12.9981,3364,3364,258.8075
13.9981,3637,3637,259.8213
14.9981,4000,4000,266.7008
15.9981,4274,4274,267.1571
16.9981,4547,4547,267.5008
17.9981,4910,4910,272.8069
18.9981,5184,5184,272.8697
19.9981,5457,5457,272.8762
20.9981,5820,5820,277.1682
21.9981,6094,6094,277.0242
22.9981,6367,6367,276.8492
23.9981,6730,6730,280.4391
24.9981,7004,7004,280.1815
25.9981,7277,7277,279.9053
26.9981,7640,7640,282.9831
27.9981,7914,7914,282.6622
28.9981,8187,8187,282.3290
1.9981,0,0,0.0000
2.9981,480,480,160.1025
3.9981,844,844,211.1013
4.9981,1207,1207,241.4927
5.9981,1690,1690,281.7568
6.9981,2054,2054,293.5091
7.9981,2417,2417,302.1975
8.9981,2900,2900,322.2910
9.9981,3264,3264,326.4627
10.9981,3627,3627,329.7848
11.9981,4110,4110,342.5548
12.9981,4474,4474,344.2047
13.9981,4837,4837,345.5474
14.9981,5320,5320,354.7121
15.9981,5684,5684,355.2926
16.9981,6047,6047,355.7461
17.9981,6530,6530,362.8165
18.9981,6894,6894,362.8788
19.9981,7257,7257,362.8848
20.9981,7740,7740,368.6051
21.9981,8104,8104,368.3958
22.9981,8467,8467,368.1612
23.9981,8950,8950,372.9465
24.9981,9314,9314,372.5886
25.9981,9677,9677,372.2198
26.9981,10160,10160,376.3231
27.9981,10524,10524,375.8829
28.9981,10887,10887,375.4386
1.9981,0,0,0.0000
2.9981,600,600,200.1281
3.9981,1054,1054,263.6265
4.9981,1507,1507,301.5158
5.9981,2110,2110,351.7792
6.9981,2564,2564,366.3862
7.9981,3017,3017,377.2155
8.9981,3620,3620,402.3080
9.9981,4074,4074,407.4782
10.9981,4527,4527,411.6173
11.9981,5130,5130,427.5684
12.9981,5584,5584,429.6019
13.9981,6037,6037,431.2734
14.9981,6640,6640,442.7233
15.9981,7094,7094,443.4282
16.9981,7547,7547,443.9913
17.9981,8150,8150,452.8261
18.9981,8604,8604,452.8879
19.9981,9057,9057,452.8935
20.9981,9660,9660,460.0421
21.9981,10114,10114,459.7674
22.9981,10567,10567,459.4731
23.9981,11170,11170,465.4539
24.9981,11624,11624,464.9957
25.9981,12077,12077,464.5343
26.9981,12680,12680,469.6630
27.9981,13134,13134,469.1036
28.9981,13587,13587,468.5483
1.9981,0,0,0.0000
2.9981,720,720,240.1537
3.9981,1264,1264,316.1518
4.9981,1807,1807,361.5388
5.9981,2530,2530,421.8016
6.9981,3074,3074,439.2633
7.9981,3617,3617,452.2335
8.9981,4340,4340,482.3251
9.9981,4884,4884,488.4938
10.9981,5427,5427,493.4498
11.9981,6150,6150,512.5820
12.9981,6694,6694,514.9991
13.9981,7237,7237,516.9995
14.9981,7960,7960,530.7346
15.9981,8504,8504,531.5638
16.9981,9047,9047,532.2366
17.9981,9770,9770,542.8357
18.9981,10314,10314,542.8970
19.9981,10857,10857,542.9021
20.9981,11580,11580,551.4790
21.9981,12124,12124,551.1390
22.9981,12667,12667,550.7851
23.9981,13390,13390,557.9613
24.9981,13934,13934,557.4028
25.9981,14477,14477,556.8488
26.9981,15200,15200,563.0030
27.9981,15744,15744,562.3243
28.9981,16287,16287,561.6579
1.9981,0,0,0.0000
2.9981,0,0,0.0000
3.9981,0,0,0.0000
4.9981,0,0,0.0000
5.9981,0,0,0.0000
6.9981,0,0,0.0000
7.9981,0,0,0.0000
8.9981,0,0,0.0000
9.9981,0,0,0.0000
10.9981,0,0,0.0000
11.9981,0,0,0.0000
12.9981,0,0,0.0000
13.9981,0,0,0.0000
14.9981,0,0,0.0000
15.9981,0,0,0.0000
16.9981,0,0,0.0000
17.9981,0,0,0.0000
18.9981,0,0,0.0000
19.9981,0,0,0.0000
20.9981,0,0,0.0000
21.9981,0,0,0.0000
22.9981,0,0,0.0000
23.9981,0,0,0.0000
24.9981,0,0,0.0000
25.9981,0,0,0.0000
26.9981,0,0,0.0000
27.9981,0,0,0.0000
28.9981,0,0,0.0000
1.9981,0,0,0.0000
2.9981,0,0,0.0000
3.9981,0,0,0.0000
4.9981,0,0,0.0000
5.9981,0,0,0.0000
6.9981,0,0,0.0000
7.9981,0,0,0.0000
8.9981,0,0,0.0000
9.9981,0,0,0.0000
10.9981,0,0,0.0000
11.9981,0,0,0.0000
12.9981,0,0,0.0000
13.9981,0,0,0.0000
14.9981,0,0,0.0000
15.9981,0,0,0.0000
16.9981,0,0,0.0000
17.9981,0,0,0.0000
18.9981,0,0,0.0000
19.9981,0,0,0.0000
20.9981,0,0,0.0000
21.9981,0,0,0.0000
22.9981,0,0,0.0000
23.9981,0,0,0.0000
24.9981,0,0,0.0000
25.9981,0,0,0.0000
26.9981,0,0,0.0000
27.9981,0,0,0.0000
28.9981,0,0,0.0000
1.9981,0,0,0.0000
2.9981,0,0,0.0000
3.9981,0,0,0.0000
4.9981,0,0,0.0000
5.9981,0,0,0.0000
6.9981,0,0,0.0000
7.9981,0,0,0.0000
8.9981,0,0,0.0000
9.9981,0,0,0.0000
10.9981,0,0,0.0000
11.9981,0,0,0.0000
12.9981,0,0,0.0000
13.9981,0,0,0.0000
14.9981,0,0,0.0000
15.9981,0,0,0.0000
16.9981,0,0,0.0000
17.9981,0,0,0.0000
18.9981,0,0,0.0000
19.9981,0,0,0.0000
20.9981,0,0,0.0000
21.9981,0,0,0.0000
22.9981,0,0,0.0000
23.9981,0,0,0.0000
24.9981,0,0,0.0000
25.9981,0,0,0.0000
26.9981,0,0,0.0000
27.9981,0,0,0.0000
28.9981,0,0,0.0000
1.9981,0,0,0.0000
2.9981,0,0,0.0000
3.9981,10,0,0.0000
4.9981,20,0,0.0000
5.9981,30,0,0.0000
6.9981,40,0,0.0000
7.9981,50,0,0.0000
8.9981,60,0,0.0000
9.9981,70,0,0.0000
10.9981,80,0,0.0000
11.9981,90,0,0.0000
12.9981,100,0,0.0000
13.9981,110,0,0.0000
14.9981,120,0,0.0000
15.9981,130,0,0.0000
16.9981,140,0,0.0000
17.9981,150,0,0.0000
18.9981,160,0,0.0000
19.9981,170,0,0.0000
20.9981,180,0,0.0000
21.9981,190,0,0.0000
22.9981,200,0,0.0000
23.9981,210,0,0.0000
24.9981,220,0,0.0000
25.9981,230,0,0.0000
26.9981,240,0,0.0000
27.9981,250,0,0.0000
28.9981,260,0,0.0000
1.9981,0,0,0.0000
2.9981,0,0,0.0000
3.9981,1,0,0.0000
4.9981,1,0,0.0000
5.9981,2,0,0.0000
6.9981,2,0,0.0000
7.9981,2,0,0.0000
8.9981,3,0,0.0000
9.9981,3,0,0.0000
10.9981,4,0,0.0000
11.9981,4,0,0.0000
12.9981,4,0,0.0000
13.9981,5,0,0.0000
14.9981,5,0,0.0000
15.9981,6,0,0.0000
16.9981,6,0,0.0000
17.9981,6,0,0.0000
18.9981,7,0,0.0000
19.9981,7,0,0.0000
20.9981,8,0,0.0000
21.9981,8,0,0.0000
22.9981,8,0,0.0000
23.9981,9,0,0.0000
24.9981,9,0,0.0000
25.9981,10,0,0.0000
26.9981,10,0,0.0000
27.9981,10,0,0.0000
28.9981,11,0,0.0000
1.9981,0,0,0.0000
2.9981,0,0,0.0000
3.9981,4,4,1.0005
4.9981,7,7,1.4005
5.9981,10,10,1.6672
6.9981,14,14,2.0005
7.9981,17,17,2.1255
8.9981,20,20,2.2227
9.9981,24,24,2.4005
10.9981,27,27,2.4550
11.9981,30,30,2.5004
12.9981,34,34,2.6158
13.9981,37,37,2.6432
14.9981,40,40,2.6670
15.9981,44,44,2.7503
16.9981,47,47,2.7650
17.9981,50,50,2.7781
18.9981,54,54,2.8424
19.9981,57,57,2.8503
20.9981,60,60,2.8574
21.9981,64,64,2.9093
22.9981,67,67,2.9133
23.9981,70,70,2.9169
24.9981,74,74,2.9602
25.9981,77,77,2.9618
26.9981,80,80,2.9632
27.9981,84,84,3.0002
28.9981,87,87,3.0002
1.9981,0,0,0.0000
2.9981,3386,0,0.0000
3.9981,3387,0,0.0000
4.9981,6717,0,0.0000
5.9981,6718,0,0.0000
6.9981,6718,0,0.0000
7.9981,10046,0,0.0000
8.9981,10047,0,0.0000
9.9981,13216,0,0.0000
10.9981,13217,0,0.0000
11.9981,13217,0,0.0000
12.9981,16267,0,0.0000
13.9981,16268,0,0.0000
14.9981,19447,0,0.0000
15.9981,19448,0,0.0000
16.9981,19448,0,0.0000
17.9981,22560,0,0.0000
18.9981,22561,0,0.0000
19.9981,25752,0,0.0000
20.9981,25753,0,0.0000
21.9981,25753,0,0.0000
22.9981,28907,0,0.0000
23.9981,28908,0,0.0000
24.9981,32037,0,0.0000
25.9981,32038,0,0.0000
26.9981,32038,0,0.0000
27.9981,34992,0,0.0000
28.9981,34993,0,0.0000
